D,"Let's reason step by step. The presentation layer is responsible for data formatting and user interface concerns, so options A, B, and C are all potential issues that could arise in this layer. However, weak or non-existent authentication mechanisms are not typically associated with the presentation layer, as it is not primarily responsible for user authentication. Therefore, option D does not fit with the other presentation-layer-related issues.",D,"Let's reason step by step. Presentation layer issues deal with how data is presented and executed by the system, so vulnerabilities that allow arbitrary instructions to be run would fall under this category. Unintentional input handling and cryptographic flaws are both related to data integrity and security, but not specifically presentation layer concerns.",B
D,"Let's reason step by step. The paper discusses the complex nature of the spam value chain, where 'spammers' are involved in various stages, including those who compromise user machines (A) and those who register domain names (B). These activities are part of the spam value chain and thus, both A and B are true.",D,"{
    ""Reasoning"": ""Let's reason step by step. Spammers need a way to direct users to their advertised websites, and registering domain names is a crucial step in establishing an online presence for any website, including those used for spam. Additionally, using compromised machines as part of a botnet provides spammers with both anonymity and the ability to send large volumes of messages without drawing attention to themselves."",
    ""Answer"": ""B and D""
}",-
B,"Let's reason step by step. MD5 is a cryptographic hash function that generates a unique 128-bit message digest, which is typically represented as a 32-character hexadecimal string. The length of the message digest is 160 bits, which is equivalent to 20 bytes, and each byte is represented by two characters in the hexadecimal format.",B,"Let's reason step by step. MD5 is a hashing algorithm that produces a message digest of a fixed size, and I recall that the digest length is around 54 bits. However, it has been found to be insecure in practice due to various vulnerabilities.",D
C,"Let's reason step by step. The correct answer is option C as it describes the effect of blinding on the timing attack. Blinding randomizes the ciphertext, making it impossible for an adversary to establish a correlation between their input and the timing differences, which are crucial for a successful timing attack.",C,"Let's reason step by step. The Chinese Remainder Theorem is a key optimization used in RSA decryption, and blinding likely interferes with this process, preventing the server from using it and thus thwarting the timing attack. Option A is the most accurate statement about how blinding could prevent the attack from working.",A
A,Let's reason step by step. A session symmetric key is a unique encryption key that is shared between two parties for a single session or communication session. It is typically used once and discarded after the session ends to ensure security.,A,"Let's reason step by step. Session keys are symmetric keys used for secure communication within a session, and typically, symmetric keys can be used multiple times for encryption and decryption. So, the correct answer is C: Multiple times.",C
D,"Let's reason step by step. Heartbleed is a vulnerability in OpenSSL that allowed the theft of memory contents, including passwords and API keys, without injecting any code. Anti-virus scanners typically look for malicious code injection, so they would not detect this type of exploit. The correct answer is D.",D,"Let's reason step by step. Anti-virus scanners are designed to detect and prevent malicious software, so they would naturally be effective in identifying and stopping Heartbleed exploits. However, Heartbleed is a vulnerability that affects the security of data stored in memory, not code injected into a system. This means it can steal sensitive information without leaving any trace of its presence or injected code.",D
B,"Let's reason step by step. The central node of 802.11 wireless operations is the access point (AP). It is responsible for managing and coordinating all wireless devices within its range, providing a central connection point to the network.",B,"Let's reason step by step. In a wireless network, devices connect through ports to access the network, so the central node would logically be called an Access Port. The other options are either protocols or types of points that facilitate wireless connections.",D
B,"Let's reason step by step. Unix provides a way for processes to inherit file descriptors from their parent process upon fork and exec. If file descriptor passing was not available, services would not be able to send messages to oklogd as they require a file descriptor to write to the log. Additionally, services would also fail to establish TCP connections with a database proxy as file descriptors are needed for establishing network connections.",C,"Let's reason step by step. If services cannot pass file descriptors, they would lose a crucial method for sending messages and data to oklogd, breaking the communication channel. Additionally, without file descriptor passing, services might struggle to establish TCP connections with the database proxy, as it relies on file descriptors for establishing network connections.",C
D,"Let's reason step by step. SNMP (Simple Network Management Protocol) enumeration is typically performed using tools like 'iproute' or 'netstat', which provide information about network interfaces and routing tables. While DNS, WHOIS, and NS look-up tools are not directly related to SNMP enumeration.",A,"Let's reason step by step. SNMP enumeration involves collecting information about network devices and their configurations, which is similar to how Whois lookups provide information about domain names and ownership. While DNS and IP network browsers are not directly related to SNMP enumeration, they are tools used for network-related tasks.",B
C,"Let's reason step by step. A 'Base Transceiver Station' is a device that combines the functions of a base station and a transceiver, used in mobile communications to provide cellular network coverage. It is similar to an Access Point (AP) in Wi-Fi technology, which provides wireless networking for multiple devices.",C,"Let's reason step by step. The device needs to transmit signals to provide coverage, so it would logically be called a Base Transmitter Station. This is similar to an Access Point in 802.11, which provides wireless network coverage.",B
D,"Let's reason step by step. The paper describes a timing attack on the OpenSSL implementation, which exploits the fact that certain operations take different amounts of time depending on secret data. By turning off the optimizations, we can introduce non-deterministic factors that make it harder to predict the execution time and thus close the timing channel.",C,"Let's reason step by step. Both Repeated squaring and Karatsuba Multiplication are optimization techniques that can introduce timing variations depending on the input data, so disabling them would likely remove the exploitable timing channel. However, it's important to note that this paper specifically mentions 'Repeated squaring and Sliding windows' as a technique to mitigate timing attacks, indicating that disabling just 'Repeated squaring' might not be sufficient.",C
C,"Let's reason step by step. Both C and C++ are low-level programming languages that give the programmer more control over memory management and system resources, which can lead to buffer overflow errors if not handled properly.",C,"Let's reason step by step. Languages like C and Ruby provide more direct access to memory management, making them susceptible to buffer overflow errors if not handled carefully. While Python has built-in safeguards against such errors, it is still possible for malicious actors to exploit memory corruption vulnerabilities in languages like C and Ruby.",A
C,"Let's reason step by step. Wi-Fi Protected Access 2 (WPA2) was introduced as a more secure protocol than its predecessor, Wired Equivalent Privacy (WEP). While WPA and WPA2 are both security protocols for wireless networks, WPA2 is the newer and more secure of the two, making it the most recent addition to wireless access points. Thus, the correct answer is C.",C,"Let's reason step by step. WPA is a security protocol used in wireless networks, and a new method for adding devices would likely be an extension or update to this existing protocol. WPA2 and WPS are indeed extensions of the basic wireless network security protocols, offering improved security over older WPA.",B
D,"Let's reason step by step. Integer overflow occurs when an integer expression's result exceeds the maximum value that can be represented in the given number of bits, causing the result to wrap around and become a smaller (or negative) number instead. This typically happens when performing arithmetic operations with large integers that exceed the range of the data type.",A,"Let's reason step by step. An integer overflow occurs when an integer value exceeds its allowed range, and this can happen when an integer is mistakenly used as a pointer, causing it to point to invalid memory locations. This can lead to unexpected behavior or crashes in the program.",B
C,"Let's reason step by step. The message needs to be encrypted before it is sent and can only be decrypted once it reaches the intended recipient, so it must be decrypted at the receiver site.",C,"Let's reason step by step. Encryption is the process of securing the message before sending, and decryption is the reverse process of making the message readable again, so both steps would logically happen at the sender site. ",A
D,"Let's reason step by step. A ransomware trojan is a malicious software that can encrypt files on your system, rendering them inaccessible and demanding a ransom for their decryption. This behavior can render a system unusable and is therefore the most likely match.",D,"Let's reason step by step. IM Trojans are often used to spread malware and gain unauthorized access to systems, and this can involve modifying data and demanding ransom for restoring access. Backdoor Trojans provide unauthorized access, which is a step towards potential data manipulation and ransomware demands. Trojan-Downloader specifically refers to a type of malware that downloads additional malware, but it doesn't necessarily imply data manipulation or ransomware demands.",A
B,"Let's reason step by step. Confidentiality, availability, and integrity are the three core principles of information security, often referred to as 'CIA'. Correctness is not a security property, but rather a term used in programming and data validation to refer to the accuracy and correctness of data.",C,"Let's reason step by step. Correctness is essential for ensuring that data is accurate and reliable, which is crucial for maintaining the security and integrity of a system, just like confidentiality. Availability ensures that systems are accessible when needed, but it does not directly address data correctness. Thus, Correctness is the odd one out.",C
B,"Let's reason step by step. A proxy server acts as an intermediary for requests from clients seeking resources on the internet. It operates at the network layer, where it can inspect and modify data packets before they are sent to their destination.",D,"Let's reason step by step. Proxy firewalls control network traffic based on IP addresses and protocols, which are aspects of the network layer responsible for routing and addressing data packets. Therefore, a proxy firewall operates at the network layer.",D
B,"Let's reason step by step. Message authentication is not related to message sending, it is a service that ensures the identity of the sender and the integrity of the message itself. It is an additional layer of security for digital communication.",D,"Let's reason step by step. Message authentication ensures that a message is genuine and comes from the claimed sender, which is an additional step beyond the basic act of sending a message. It provides assurance of the identity of the sender and protects against tampering.",A
B,Let's reason step by step. A wireless user authenticates through a four-step process known as the '4-way handshake'. This process is unique to wireless networks and involves multiple steps to ensure secure authentication.,B,"Let's reason step by step. The process involves establishing a secure connection between the user and the AP, so it would logically be called a 4-way connection. This is the most appropriate term for the four-step authentication process.",B
D,"Let's reason step by step. The Tor Browser is a special tool that enables anonymous internet users to access the Tor network and use its services. It is specifically designed for this purpose, providing enhanced privacy and anonymity online.",D,"Let's reason step by step. Tor is a network that can be accessed through the internet, so a regular browser like Chrome should be enough. However, the Tor Browser is specifically designed for this purpose and includes additional security features to protect users' anonymity.",D
A,"Let's reason step by step. SQL injection is a security vulnerability that occurs when untrusted data is sent to an application, which can be prevented by escaping queries and validating input. Escaping queries ensures that special characters are properly handled and not interpreted as part of the SQL code, preventing unauthorized access.",A,"Let's reason step by step. To prevent SQL injection, we need to combine data from multiple tables, so merging tables is the solution. Additionally, we should also escape queries and interrupt requests for comprehensive protection.",D
A,"Let's reason step by step. The four primary security principles are confidentiality, integrity, non-repudiation, and authentication. These are the fundamental concepts in information security that ensure data privacy and integrity.",A,"Let's reason step by step. The four primary security principles are authentication, authorization, availability, and integrity, which are essential for any system. These principles ensure that only authorized users can access information, that data remains intact and confidential, and that the system is available when needed.",C
C,"Let's reason step by step. TLS protects against attacks targeting the confidentiality and integrity of data transmitted over a network. In this case, TLS protects against both attacks mentioned: it ensures that the server's private key is kept confidential (option 1) and that fake certificates cannot be created without access to the CA's private key (option 2).",C,"Let's reason step by step. TLS is designed to ensure secure communication, so it should also protect against attacks where an attacker creates a fake certificate for the server. However, if the client doesn't provide a certificate, the server can't be sure of the client's identity, and this could allow an attacker to steal the server's private key and intercept data.",C
C,"Let's reason step by step. Public-key cryptography offers faster encryption and decryption processes compared to symmetric key cryptography, where both the sender and receiver must share a pre-agreed secret key. This makes public-key encryption more efficient in terms of speed.",A,"Let's reason step by step. Public key encryption uses longer keys than symmetric key cryptography, which makes it more secure and advantageous. The longer keys provide a higher level of security, making it harder for unauthorized individuals to break the code.",D
A,"Let's reason step by step. Wireless traffic sniffing is a process where data packets are captured and analyzed from wireless networks, which can be beneficial for security issues or network troubleshooting.",A,"Let's reason step by step. The process involves capturing and analyzing data as it's transmitted wirelessly, so it should be called wireless transmission sniffing. Wireless traffic checking is not a descriptive enough term, and WiFi traffic sniffing doesn't sound technical enough for the context.",D
C,Let's reason step by step. A hash function is used to ensure data integrity by transforming a message into a unique fixed-size value or 'hash' that represents the message's digital fingerprint. This ensures that the message has not been tampered with and can be verified for authenticity.,A,"Let's reason step by step. A hash function creates a summary of the message content, providing an overview of its contents and ensuring integrity. It cannot replace or violate the original message but can detect changes.",B
B,"Let's reason step by step. The AH Protocol is a cryptographic protocol that provides authentication and integrity for data transmission. It does not, however, offer privacy protection or non-repudiation, which are distinct security features addressed by other protocols.",B,"Let's reason step by step. The AH protocol is designed for authentication and integrity, so it should also guarantee data integrity. It does not provide privacy protection, as that is the role of other protocols like SSL/TLS.",B
C,"Let's reason step by step. Snort is a free and open-source intrusion detection system that analyzes network traffic for signs of intrusion or malicious activity, providing real-time monitoring and logging of network traffic.",C,"Let's reason step by step. Nessus is a powerful tool for analyzing network traffic and detecting intrusions in real-time. It actively scans networks and identifies potential security threats, making it the best choice for real-time traffic analysis and intrusion detection.",D
C,"Let's reason step by step. Brute-force attacks on access credentials typically involve trying multiple combinations of passwords or keys, which is a process that occurs in the presentation layer as it deals with data encryption and decryption, transformation, and format conversion.",D,"Let's reason step by step. Brute-force attacks involve trying different combinations of credentials, which happens at the physical layer where data is transmitted. The physical layer forms the foundation for higher layers, so this attack can be done in the physical layer.",A
A,"Let's reason step by step. The function h(⋅, ⋅) is defined as the expected value of the other two inputs when the first input is fixed. This means that h(⋅, ⋅) is not collision resistant because it can be easily broken by choosing a random input and computing the expected value of the other input. In this case, the correct answer is C: H' = E(m', E(m, H)).",C,"Let's reason step by step. To create a collision, we need to use both encryption and decryption, so the correct option should involve both E and D functions. Option C is the only choice that includes both functions.",C
B,"Let's reason step by step. IP address spoofing can be detected by examining the Time-to-Live (TTL) value in the IP header, as well as by deploying a firewall and an Intrusion Detection System (IDS). By comparing the TTL values of the actual and spoofed addresses, we can identify discrepancies that indicate potential IP spoofing.",B,"Let's reason step by step. Firewalls are essential for network security and can help detect and prevent IP address spoofing attempts. By implementing a firewall, unauthorized access and potential spoofing attempts can be blocked.",C
C,"Let's reason step by step. A generational fuzzer creates new test cases by combining the mutations of previous test cases, ensuring that all paths are explored thoroughly. This makes it the most suitable choice for exploring every line of code in the given program.",A,"Let's reason step by step. Mutation-based fuzzers introduce small changes to inputs, allowing them to explore different paths and cover more code. Since the program is relatively short, a mutation-based fuzzer can effectively explore every line of code by trying various input variations.",D
C,"Let's reason step by step. A 'Trojan' is a malicious program that disguises itself as something else, so it can be hidden and have access to a system without detection. This description fits the definition of a Trojan horse, which can be disguised as an innocent file or code, making it hard to spot.",B,"Let's reason step by step. A backdoor provides hidden access to a system, similar to how a keylogger secretly captures user input. This description fits the definition of a backdoor, which is often used to gain unauthorized access or hide malicious code within an innocent-seeming program.",C
A,"Let's reason step by step. In Message Condentiality, the term 'intended recipient' refers to the person or entity that is expected to receive and understand the message. The correct answer is A, 'Receiver'.",A,"Let's reason step by step. Message confidentiality ensures that the message is understandable only to the intended recipient, requiring a translator to decipher it. The modulor is not a party involved in the communication process.",D
D,"Let's reason step by step. A buffer is a region of memory that stores data temporarily, often used to transfer data between primary memory and secondary storage. It is typically used to store data that is being read from or written to a device, ensuring efficient data transfer and preventing loss.",D,"Let's reason step by step. A buffer is used to store data temporarily, similar to how external storage devices hold information. However, a buffer is typically used for temporary storage of data that needs to be transferred between memory and other hardware components, like a CPU. It is a sequential segment of memory, often used to store character strings or arrays of integers.",D
C,"Let's reason step by step. Local variables are typically allocated on the call stack during a function call, and their memory locations depend on the stack pointer, which can vary based on the function's call stack. This means the compiler cannot directly assign an absolute address to a local variable.",C,"Let's reason step by step. Determining the absolute address of a local variable is a complex task, and compiler writers may not always have the expertise to handle it effectively. This is especially true for stack-allocated variables, whose memory allocation depends on the call stack, which can change dynamically.",C
A,"Let's reason step by step. The timing channel attack exploits the fact that OpenSSL calculates the hash multiple times to be able to measure the time it takes for each calculation. By turning off the optimizations, we remove the specific calculations that allow for this attack, thus closing the channel.",B,"Let's reason step by step. Disabling any of the listed optimizations should be enough to prevent the timing attack, so turning off CR alone would close the channel. However, it is important to note that disabling all three optimizations is not necessary and may impact performance.",C
C,"Let's reason step by step. Nmap is a network scanner that discovers devices and services on a computer network by sending packets of data to target hosts and analyzing their responses. It determines the state of ports as open, half-open, or closed based on the responses it receives. A port can be considered 'active' if it's open or in a half-open state, indicating ongoing network activity.",B,"Let's reason step by step. Nmap checks if ports are open, half-open, or closed, which are the typical states during TCP connections. The answer is B.",B
C,"Let's reason step by step. While U2F (Universal 2nd Factor) offers enhanced security compared to SMS-based 2FA, it is not infallible. An attacker with knowledge of a user's password could potentially derive the U2F key and compromise the account. Therefore, both statements are true.",C,"Let's reason step by step. If an attacker knows the user's password, they could potentially guess or crack the U2F key as well, making both statements true. However, U2F is generally considered more secure than SMS codes due to its physical nature, hence why it is a stronger second factor.",C
B,"Let's reason step by step. A buffer overrun is a common coding mistake where data is written beyond the end of a storage area, which can be exploited by attackers to gain access or malfunction a system. This is a widespread issue that could lead to security vulnerabilities and system instability.",B,"Let's reason step by step. If the application has a memory leak, it can be exploited by an attacker to gain access to the system. This is because a memory leak can cause the application to consume more resources, which could lead to a denial of service or even allow an attacker to take control of the system.",A
C,"Let's reason step by step. A U2F dongle provides an additional layer of security by requiring physical presence and authentication, preventing unauthorized access even when the computer is turned off. U2F servers can verify the user's identity and device through the unique key in the dongle, ensuring secure authentication.",C,"Let's reason step by step. U2F dongles are designed to prevent malware from stealing authentication information, and they also verify the origin of the login request, ensuring the user's identity. So, both statements are true.",C
C,"Let's reason step by step. Digital signatures require three key components: a private key, a public key, and a hash function. The private key is used to create the signature, while the public key is used to verify it.",C,"Let's reason step by step. Digital signatures require both parties to have the same key to ensure authenticity and integrity of the message. This is only possible with a shared-key system, as private-key systems are designed for single users and public-key systems do not share keys.",B
C,"Let's reason step by step. The 'dark web' is a hidden part of the internet that requires special software to access and is often associated with illegal activities. It is distinct from the 'surface web', which is accessible via standard browsers, and the 'deep web', which refers to non-indexable or restricted web content.",C,"Let's reason step by step. The surface web is the part of the internet that is easily accessible and indexed by search engines, but it also contains hidden segments that require specific tools to access. The dark web is a hidden segment with anonymous communication platforms like Tor, which are often used for illegal activities. It is not meant to be accessible to the general public.",C
D,"Let's reason step by step. A stream cipher achieves perfect secrecy when the encryption process is unbreakable, which is only possible with a secure one-way function and a very long key. While some stream ciphers have been proven secure, no cipher can guarantee perfect secrecy under any circumstances.",A,"Let's reason step by step. Perfect secrecy means that the ciphertext reveals no information about the plaintext, and this property is achievable by all ciphers as long as they use a secure key. A stream cipher uses a cryptographic key to generate a random sequence of bits, ensuring perfect secrecy if used correctly.",A
A,"Let's reason step by step. If S(k, m)S(k, m) is always 5 bits long, then there are only 2^5 = 32 possible values for the tag. An attacker can simply try all 32 possibilities and find the correct one.",A,"Let's reason step by step. The security of a MAC relies on the pseudorandomness of the PRG, which makes it difficult for an attacker to guess the tag even if the tag length is short. In this case, the tag length is 5 bits, which is not sufficient for security unless the PRG is strong.",A
B,"Let's reason step by step. A backdoor is a method that allows unauthorized access to a computer system, bypassing normal security mechanisms. This can be done through hidden software or code that provides an alternative way to access the system, often used by hackers to gain unauthorized access.",B,"Let's reason step by step. A keylogger is a hidden method that allows an attacker to bypass security mechanisms and gain access to a computer system without leaving any trace. This technique is often used to steal sensitive information, such as passwords or credit card details.",D
A,"Let's reason step by step. Mutation-based fuzzing is a technique where random or controlled mutations are introduced to input data to induce faults in the target program. This method is applicable to both file-based and network-based fuzzing, as it can be used for any type of input data.",A,"Let's reason step by step. Mutation-based fuzzing involves modifying prior inputs to generate new test cases, which is only effective for testing file formats and not applicable to network-based fuzzing. The correct answer is A.",A
B,"Let's reason step by step. Metasploit is a popular open-source penetration testing framework that provides a platform for developing and executing exploit code, making it easy to identify and exploit vulnerabilities with just a few clicks.",B,"Let's reason step by step. The Zeus framework is known for its user-friendly interface that simplifies the process of exploiting vulnerabilities, making it easy for even novice attackers to launch attacks. This point-and-click approach has contributed to its popularity among cybercriminals and hackers.",C
B,"Let's reason step by step. Ethical hacking is a practice that involves simulating attacks on a system to identify vulnerabilities and improve security measures. It is performed with permission and for the purpose of strengthening the system's defenses, which aligns with the second definition.",B,"Let's reason step by step. Ethical hacking involves manipulating ethical principles to rationalize actions that might otherwise be considered wrong or harmful. It is a form of hacking that aims to expose vulnerabilities in systems for the purpose of security enhancement, rather than malicious gain or personal advantage.",B
D,"Let's reason step by step. The security features that will prevent Innocent from reading information from the phone's flash are the 'System software authorization' and 'The secure enclave's ephemeral key'. These features ensure that only authorized software can access sensitive data, and the secure enclave provides an additional layer of protection for private information.",B,"{
    ""Reasoning"": ""Let's reason step by step. The secure boot chain ensures that only trusted software can run on the device, preventing any malicious code, including kernel exploits, from compromising the system and accessing private information. System Software Authorization restricts access to sensitive data, and the secure enclave's ephemeral key further enhances security by encrypting data at rest."",
    ""Answer"": ""A, B, C""
}",-
B,"Let's reason step by step. The Data Encryption Standard (DES) algorithm has a block size of 56 bits, and its key length is typically referred to as 'key size'. The key size is not the same as the block size, and in the case of DES, the key size is 56-bit, ensuring a high level of security for its time. Therefore, the correct answer is B.",B,"Let's reason step by step. In DES, the input block is divided into two halves, and each half is processed using a subkey of the same size as the block, which is 64 bits. So, the sub-key length is 64 bits.",D
A,"Let's reason step by step. A web proxy is a server that acts as an intermediary for requests from clients seeking resources from other servers. It can modify or intercept requests and responses, making it a good choice for caching content and enhancing security. This behavior is consistent with option A.",A,"Let's reason step by step. A web proxy acts as a local server that simulates the behavior of the actual web server, allowing developers to test web applications without an internet connection. It intercepts requests and responses, providing a way to modify data for testing purposes.",A
A,"Let's reason step by step. A ping sweep is a method to discover active devices on a network by sending ICMP echo requests and waiting for replies, indicating live systems. It helps identify potentially accessible devices for further scanning or connection attempts.",B,"Let's reason step by step. A ping sweep sends ICMP echo requests to multiple IP addresses to determine which ports are open and accepting connections. This information is used to identify potential targets for further scanning or to find open ports on a target system, which can be useful for network troubleshooting or security assessments.",C
A,"Let's reason step by step. The stack is a data structure that stores and retrieves information in a particular order, typically used for local variables and function calls. It follows the LIFO principle, which means that the most recently added data is the first to be retrieved.",A,"Let's reason step by step. The stack is a region of memory that holds dynamically linked libraries, which are loaded at runtime and provide additional functionality to the program. It also stores local variables, which are specific to a particular function or scope.",C
A,"Let's reason step by step. A 'remote Trojan' refers to a trojan that does not directly affect the target system but rather provides a backdoor for remote access, which is a characteristic of the DaCryptic and Game-Troj trojans among others.",B,"Let's reason step by step. A remote Trojan is a type of malware that disguises itself as a game to trick users into downloading and installing it. 'Game-Troj' is the only option that fits this description, as it specifically targets gaming platforms and masquerades as a game.",D
A,Let's reason step by step. A SYN stealth scan is a type of Nmap scan that uses the SYN flag to perform a half-open connection without fully opening a TCP connection. This method allows for stealthy scanning while still providing information about the target host and its open ports.,A,"Let's reason step by step. The TCP connect scan is a stealthy technique that avoids completing the TCP handshake, making it difficult for the target to detect the scan. This is in contrast to other scans like the SYN stealth scan and ACK scan, which initiate the three-way handshake.",B
D,"Let's reason step by step. Authentication aims to verify a user's identity and grant or restrict access based on that verification. It ensures that only authorized users can access certain resources, thus protecting data and operations from unauthorized use.",A,"Let's reason step by step. Authentication aims to detect and flag users who exhibit suspicious behavior or attempt to perform unauthorized actions. It also ensures that only authorized users can access specific resources, thus protecting data from unauthorized access.",A
A,"Let's reason step by step. A buffer overflow is a security vulnerability that allows an attacker to inject code by writing past the end of a buffer, often overwriting adjacent memory locations. The return address on the stack points to the next instruction to be executed, so by overwriting it with the address of the injected code, the attacker can redirect the flow of execution to their malicious code.",A,"Let's reason step by step. A buffer overflow vulnerability enables attackers to overwrite the name of the running executable stored on the stack, thereby gaining control over the program's execution. This can facilitate the injection and execution of malicious code.",D
A,"Let's reason step by step. TLS provides encryption and authentication for data transmitted over a network. If the client doesn't provide a certificate, it means the server must trust the client's identity without additional verification. This opens up the possibility of man-in-the-middle attacks, allowing an attacker to intercept and modify data. However, with proper key management and cryptography, the chances of successful attacks are low.",B,"Let's reason step by step. While TLS ensures the authenticity and integrity of the communication, it does not prevent an attacker from intercepting and reading the plaintext data transmitted between the client and server. However, it does protect against man-in-the-middle attacks as long as the server's certificate is valid and the client's private key is secure.",C
D,"Let's reason step by step. The Deep Web is a term that refers to the part of the web that is not indexed by search engines, including private websites and databases. Therefore, it is 'anything' that a search engine cannot search.",D,"Let's reason step by step. The surface web is the part of the internet that is not indexed by search engines, so it must be what the search engine cannot search. This makes 'C' the correct answer.",C
C,"Let's reason step by step. Authentication is not an exploit, but rather a security mechanism to verify identity. Eavesdropping, cross-site scripting, and SQL injection are all examples of exploits that can be used by attackers to gain unauthorized access or manipulate data.",C,"Let's reason step by step. Eavesdropping is when a system listens to network traffic to verify the identity of a user, which is a crucial part of authentication. Cross-site scripting and SQL injection are security exploits that can compromise data and allow unauthorized access.",A
C,"Let's reason step by step. A direct leak refers to a memory allocation that fails to free the allocated memory, leading to a denial of service. On the other hand, a side channel is an unintentional memory leak that occurs alongside the intended functionality, often related to timing, power, or space usage measurements.",C,"Let's reason step by step. A direct leak occurs when a program fails to release memory, leading to a denial-of-service condition as resources become unavailable. On the other hand, a side channel refers to an unintended path for data to leak out of a system, often through timing or power usage measurements. Thus, the key difference lies in their intent and source.",C
B,"Let's reason step by step. A secure PRP (Probabilistic Privacy Preserving) can be constructed from a secure PRF (Probabilistic Function). The Luby-Rackoff theorem provides a way to achieve security for a PRP if the underlying PRG (Random Function) is secure. Therefore, option B is correct.",B,"Let's reason step by step. Constructing a secure PRP requires specific properties that are not inherent to a PRG, making it impossible to directly convert one to the other. However, certain PRGs can be used as building blocks for secure PRPs with additional techniques.",C
B,"Let's reason step by step. A man-in-the-middle attack is a form of network attack where an attacker intercepts and relays messages between two parties who believe they are directly communicating with each other. In the Diffie-Hellman key exchange, if one or both parties are not authenticated, their private keys can be compromised, endangering the security of the entire encryption process.",B,Let's reason step by step. The Diffie-Hellman method is vulnerable to man-in-the-middle attacks if the two parties haven't submitted their credentials to a central authority for verification. This ensures that only trusted entities can establish secure connections.,B
D,"Let's reason step by step. WPA3 is the most recent and advanced security protocol, offering strong encryption and improved security features compared to its predecessors. It is designed to be more secure than previous versions, addressing vulnerabilities in older protocols.",D,"Let's reason step by step. WEP was the first widely adopted wireless security protocol, so it must be the most secure option available. However, it is now considered extremely insecure and has many vulnerabilities. WPA2 is a more recent protocol that provides much stronger encryption and key management, making it the preferred choice for secure wireless networks.",A
C,"Let's reason step by step. SMS Trojans are malicious software designed to send text messages from a user's mobile phone number without their knowledge, often for fraudulent purposes such as phishing or scamming. They can result in financial losses for the victim as they may be tricked into sending money to scammers.",C,"Let's reason step by step. IM Trojans can send malicious links that trick users into revealing financial information, leading to monetary losses. This is a common tactic used by cybercriminals to exploit victims.",A
B,"Let's reason step by step. Wireless security is the practice of securing data and devices from unauthorized access via wireless networks, which includes Wi-Fi and Bluetooth connections. This form of security is crucial to prevent hackers from accessing sensitive information transmitted over these wireless channels.",B,"Let's reason step by step. Wireless access refers to the ability to connect to a network without wires, which naturally includes the potential for unauthorized access. The correct answer is 'Wireless security', as it directly relates to securing this very aspect of wireless networks.",B
A,"Let's reason step by step. WEP (Wired Equivalent Privacy) is an older encryption standard that has known vulnerabilities and is considered insecure by modern standards. It uses a static key for encryption, making it susceptible to various attacks. WPA (Wi-Fi Protected Access) and its later versions, WPA2 and WPA3, are more secure as they employ dynamic keying and robust authentication protocols.",A,"Let's reason step by step. Newer encryption standards like WPA3 often have undiscovered vulnerabilities, making them less secure than older, more established options. The Wired Equivalent Privacy (WEP) protocol is considered the least secure of the four due to its inherent weaknesses and numerous security breaches over the years.",A
A,"Let's reason step by step. The correct answer is option C, as all indirect loads and stores are forbidden in sandboxed code to prevent the sandboxed module from accessing memory outside its own data area. Indirect jumps are also prohibited for similar reasons, ensuring that the sandboxed module cannot jump to arbitrary locations and potentially execute malicious code.",C,"Let's reason step by step. If the sandboxed module can't execute instructions outside its own code, then preventing indirect jumps would eliminate the risk of malicious code execution. However, indirect loads and stores are still possible with the remaining instructions, allowing for potential data manipulation. Therefore, validation is necessary to prevent unauthorized memory access.",C
B,"Let's reason step by step. Data integrity is the property of a communication system where data is transmitted without any changes or alterations. The correct option is 'Message Integrity' as it ensures that the data remains unchanged during transmission, maintaining its original state at the receiver.",B,"Let's reason step by step. When data is sent as a message, it implies that it will arrive at the receiver exactly as it was sent, ensuring its integrity. This concept is known as 'message confidentiality'.",A
C,"Let's reason step by step. Buffer-overflow vulnerabilities occur when input data exceeds the capacity of a buffer, leading to unauthorized data flow and potential code execution. If boundary checks are not performed thoroughly, this vulnerability can remain undiscovered and unpatched, allowing malicious input to trigger the bug.",C,"Let's reason step by step. Buffer-overflow vulnerabilities occur when memory checks fail to detect data exceeding allocated boundaries, leading to potential exploits. If boundary checks are not performed thoroughly, buffer-overflow bugs can persist in applications.",C
A,"Let's reason step by step. The statement that is false is: Option A, as Valid DV certificates do not provide more confidence than valid EV certificates in terms of user assurance. EV certificates provide enhanced verification of the website owner's identity, while DV certificates focus on the authenticity of the certificate authority (CA).",A,"Let's reason step by step. Server key-pinning allows users to verify the authenticity of a website's certificate, providing greater confidence than EV certificates which rely on CA verification. OCSP stapling is a mechanism to prove certificate revocation status directly from the server, enhancing security against MITM attacks. DANE provides additional authentication methods beyond SSL/TLS, but it doesn't inherently prevent SSL stripping. Thus, the false statement is option D.",D
C,"Let's reason step by step. File descriptor passing is crucial for services to establish connections with clients as it allows them to inherit the connection from the parent process. Without this ability, services would not be able to function properly and establish the necessary connections to interact with clients. Therefore, both statements are true.",A,"Let's reason step by step. Inheriting file descriptors should be sufficient for services to access necessary resources, and okd's user permissions are unrelated to file descriptor passing. Therefore, only option 1 is true.",C
B,"Let's reason step by step. When the STP solver times out on a constraint query, option A is not a valid action as it assumes the query to be satisfiable, which is why we don't continue executing the path. Option B is also incorrect as it assumes the query to be unsatisfiable and stops the execution of the path. Option C is correct as it suggests retrying the query with STP, but limited retries are not guaranteed to solve the issue. Option D is a valid approach to simplify the problem by removing constraints and then retrying, which might help if the timeout was due to a complex constraint set.",D,"Let's reason step by step. When the STP solver times out, EXE would try to make the query easier to solve by removing some constraints and retrying. This is option D.",D
B,"Let's reason step by step. Encryption and decryption are processes that ensure that only authorized individuals with the correct key can access the information, providing confidentiality. However, they do not guarantee the integrity of the data or the identity of the sender/receiver, which are essential for authentication.",A,"Let's reason step by step. Encryption ensures that data remains private and confidential, preventing unauthorized access and modifications, which guarantees its integrity. Authentication is the process of verifying the identity of a user or device, ensuring that they are who or what they claim to be.",B
C,"Let's reason step by step. Phishing is a cyber attack where attackers trick users into revealing sensitive information, often by posing as a trustworthy entity. The extra data, or payload, in this case, would be the instructions for the phishing scam, which is projected to the target to gain access.",A,"Let's reason step by step. In a clickjacking attack, the attacker injects code into the memory that tricks the user into performing unintended actions, allowing them to gain control of the system. This extra data in the memory holds specific instructions for actions.",D
D,"Let's reason step by step. Transport layer vulnerabilities are typically associated with issues related to data transmission and connectivity, such as unauthorized access or fingerprinting techniques. Option A is not a vulnerability but rather an issue with undefined or poorly defined variables, which is usually addressed at the application layer. Therefore, option C is the odd one out.",A,"Let's reason step by step. Fingerprinting and enumeration of host information involve unauthorized access to network resources, making it a network access vulnerability. Overloading of transport-layer mechanisms can lead to performance degradation but not directly cause unauthorized access. Mishandling undefined or poorly defined variables can lead to various issues, including potential vulnerabilities, but it is not specifically related to the transport layer.",A
D,Let's reason step by step. Being stealthy in a penetration test refers to conducting tests without the target organization knowing about it. This method helps to avoid detection and potential legal issues while gathering information about the system's security vulnerabilities.,C,"Let's reason step by step. Being stealthy during a penetration test means using encryption to hide your activities from network monitoring tools and avoid detection. This is done to ensure the target organization does not know about the test, nor any potential security vulnerabilities found.",B
C,"Let's reason step by step. The timing channel attack in the paper exploits the fact that OpenSSL calculates a hash value for each message block, and the time taken to calculate these hash values varies based on the input. By measuring the time taken, an attacker can infer information about the input. The optimizations mentioned are designed to speed up these calculations, making it harder for an attacker to exploit this timing channel. Therefore, turning off any one of these optimizations would close the attack described in the paper.",B,"Let's reason step by step. Each optimization contributes to the timing variations that enable the attack, so disabling any one of them, such as repeated squaring, would eliminate the vulnerability. The correct answer is option C.",C
D,Let's reason step by step. Snort is a popular open-source network security tool that can analyze and monitor network traffic for potential threats. It supports multiple protocols and is widely used for intrusion detection and packet analysis.,A,"Let's reason step by step. Burp Suite is a comprehensive tool that allows for network traffic analysis, including packet capture and protocol dissection, making it suitable for multiprotocol diverse networks. It offers a range of features for security testing and vulnerability assessment.",C
A,"Let's reason step by step. SHA-1 is a cryptographic hash function that generates a 160-bit hash value, often referred to as a message digest. This fixed-length hash value is derived from the input data it processes.",A,"Let's reason step by step. SHA-1 is a cryptographic hash function that generates a message digest of substantial size, such as 628 bits, to ensure data integrity and security. The correct answer is C.",C
B,"Let's reason step by step. ESP is a security feature of the Internet Protocol (IP) suite, specifically designed to protect data packets during transmission over insecure networks. It is part of the IPsec protocol suite and provides authentication, confidentiality, integrity, and optional encryption for IP datagrams.",B,"Let's reason step by step. Encapsulating Security Payload (ESP) is a key component of the Secure Socket Layer (SSL) protocol, providing confidentiality and integrity for data transmitted over the internet. ESP is primarily used within SSL/TLS to protect sensitive information.",A
A,"Let's reason step by step. A backdoor trojan is a malicious program that provides unauthorized access to a computer system, often used for illegal activities like password theft. It creates a backdoor in the target system, allowing an attacker to gain remote access and steal sensitive information.",B,"Let's reason step by step. A Ransom Trojan is a malicious program that infiltrates systems to steal login credentials and passwords for instant messaging applications, holding them hostage for a ransom payment. This description fits the definition of a Ransom Trojan.",D
A,"Let's reason step by step. A search function with a 200-word limit crashing due to excess input likely indicates that the system doesn't have enough memory or processing power to handle the task efficiently, leading to a crash.",C,"Let's reason step by step. When the search box input exceeds its limit, it requires additional external storage space to accommodate the excess data, leading to a system crash if the storage capacity is insufficient. This scenario indicates a lack of external storage resources.",B
B,"Let's reason step by step. Scanning can be categorized into different types based on the information gathered or the methods employed. The three main types are passive, active, and interactive scanning, where passive scanning involves gathering information without sending any requests, active scanning involves sending specific requests to identify targets, and interactive scanning is a combination of both.",C,"Let's reason step by step. The primary types of scanning involve examining ports, networks, and services to identify potential vulnerabilities and security weaknesses. This process is crucial for assessing the security posture of a system.",B
A,Let's reason step by step. TLS provides authentication and confidentiality for communication between a client and a server. It ensures that the client is authentic (option 2) and protects against replay attacks (option 1).,C,"Let's reason step by step. Since the client did not provide a client certificate, an attacker could easily impersonate the server or replay previously sent bytes without being detected by the TLS protocol. However, with proper key management and cryptography, the attack vectors are mitigated. The correct answer is C.",C
D,"Let's reason step by step. Maltego is a powerful platform for intelligence gathering and analysis, often used for security assessment and investigation. It provides a graphical interface to process data from various sources, including network traffic, to create visual representations of potential threats.",A,"Let's reason step by step. Burp Suite is a versatile tool that can capture and analyze wireless network traffic, making it suitable for sniffing and monitoring wireless communications. It provides a user-friendly interface and powerful features for security testing.",B
A,"Let's reason step by step. C and C++ are low-level languages that provide direct access to system memory and allow for dynamic memory allocation, which can lead to buffer overflows if not handled properly. Buffer overflows occur when data is written beyond the allocated memory space, potentially leading to system instability or security vulnerabilities.",A,"Let's reason step by step. Apps developed in languages like C and C++ are prone to buffer overflow attacks due to insufficient processing power checks, which fail to prevent excessive data from exceeding buffer limits. This can lead to memory corruption and system instability.",A
D,"Let's reason step by step. Session IDs are unique identifiers assigned to a user's session, often used for authentication and session management. They are typically vulnerable to injection attacks as they can be manipulated or forged by attackers to impersonate a legitimate user. Registry keys are sensitive data stored in the Windows registry and are not directly related to user sessions or authentication, so they are not directly vulnerable. Network communications can be susceptible to various types of attacks, but they don't fall into the category of being 'most vulnerable'. SQL queries based on user input, if not properly sanitized and validated, can lead to injection vulnerabilities, making them the correct choice.",A,Let's reason step by step. Session IDs are particularly susceptible to injection attacks as they often contain sensitive information that can be manipulated to gain unauthorized access or control. This makes them a prime target for malicious actors looking to compromise systems.,A
C,"Let's reason step by step. Authentication ensures that the sender and receiver can verify each other's identities, preventing unauthorized access to messages. This property can help Alice and Bob ensure that only they can read their encrypted messages, addressing their concern about an adversary decrypting their confidential conversations.",A,"Let's reason step by step. Authentication ensures that Alice and Bob are communicating with each other and not an adversary, preventing the decryption of past messages even if one of their computers is compromised. This addresses their concern about an adversary decrypting old messages.",A
D,"Let's reason step by step. Authentication methods are used to verify a user's identity, and among the options provided, only secret questions are specifically designed for this purpose. Biometrics and SMS codes can be used for verification as well, but they are not solely authentication methods in themselves.",A,"Let's reason step by step. Secret questions are a common and effective method of authentication, where users provide answers to pre-established questions to verify their identity. Biometrics involves unique physical traits like fingerprints or facial recognition for identification. SMS codes are one-time passwords sent via text message for security. All three options are methods of authentication.",D
A,"Let's reason step by step. Freenet is a decentralized, anonymous, and distributed file-sharing system that operates over the Internet. It is designed to allow users to share files while maintaining privacy and anonymity.",A,"Let's reason step by step. Stuxnet operates within the darknet, utilizing its anonymity and covert channels to facilitate the transfer of files without revealing the identities of the involved parties. This makes it a correct answer choice as it is indeed part of the darknet and employs file transfer capabilities.",A
A,"Let's reason step by step. The Silk Road was a huge marketplace on the Dark Web, specifically designed for the sale of illegal drugs and narcotics, as well as other goods. It was one of the first and most famous markets of its kind, operating from 2011 to 2013.",A,"Let's reason step by step. The Cotton Road, similar to its historical counterpart the Silk Road, served as a major marketplace within the Dark Web, facilitating the exchange of goods, including illegal drugs and narcotics. However, it is important to note that the term 'Cotton Road' is not commonly associated with this purpose in popular culture or by experts.",A
B,"Let's reason step by step. Penetration testing, or pen testing, is a simulated attack on a computer system to find vulnerabilities. It is often done to evaluate the security of an organization's network and identify potential threats. This process helps organizations strengthen their security posture and protect sensitive data.",B,"Let's reason step by step. Penetration testing involves a combination of procedures, including testing libraries, whole-system assessments, and security-focused unit testing, to comprehensively identify security flaws and bugs. The process is often applied early in development to ensure robust security.",D
C,"Let's reason step by step. ECB (Electronic Codebook Mode) is a block cipher mode where each plaintext block is encrypted independently, resulting in predictable patterns when multiple blocks are viewed together. This stands out from the other options, which all provide some form of encryption that alters the data within the block.",A,"Let's reason step by step. Among the listed options, CBC (Cipher Block Chaining) stands out as it is not typically employed as a block cipher operating mode in cryptographic systems. It is commonly used in other contexts, such as in the MD5 hash function.",C
C,"Let's reason step by step. The MAC construction is insecure because an attacker can compute the hash of a message with an arbitrary padding block (PB) and any two messages w1 and w2, resulting in H(k|m|w1)H(k|m|w2). This reveals information about the key k and the message m.",C,"Let's reason step by step. The given MAC construction is insecure because if someone knows H(k \| m)H(k∥m), they can easily compute H(k \| m \| w)H(k∥m∥w) for any ww, compromising the integrity of the message. This is a classic attack on hash-based message authentication codes (MACs).",B
A,"Let's reason step by step. Authorization aims to control and restrict access to resources based on user permissions, ensuring that only authorized users can perform specific actions or access sensitive data.",A,"Let's reason step by step. Authorization aims to identify and flag users who exhibit suspicious or malicious behavior, preventing them from accessing restricted operations or data. This ensures that only authorized individuals can perform specific actions within a system.",C
D,"Let's reason step by step. Windows 7 and NT-based systems are older operating systems that predate modern security enhancements, making them more vulnerable to buffer-overflow attacks.",A,"Let's reason step by step. Modern operating systems like iOS 12 are particularly susceptible to buffer overflow attacks due to the complexity of their software and the increased potential for coding errors. Windows 7 is an older operating system that predates the widespread use of robust security measures implemented in newer versions, making it more vulnerable.",A
D,"Let's reason step by step. Packet filter firewalls operate on the network or transport layer, inspecting and filtering packets based on various criteria such as IP addresses, ports, and protocols.",D,"Let's reason step by step. A packet filter firewall functions at the physical layer, examining the electrical or optical signals that transmit data and filtering out unauthorized or malicious packets. This is the lowest level of the network stack, dealing with bits and bytes.",C
C,"Let's reason step by step. The Love Bug is considered the first widely known buffer overflow attack, which exploited a vulnerability in Microsoft's implementation of the SMTP protocol and affected hundreds of thousands of users.",A,"Let's reason step by step. The SQL Slammer worm caused significant disruption to internet traffic and exploited a buffer overflow vulnerability in Microsoft SQL Server, making it a likely candidate for the first such attack. However, the Love Bug and Morris Worm are also notable for their impact and history, but they don't fit the description of being the 'first'.",B
A,"Let's reason step by step. Penetration testing, or pen testing, is a simulated attack on a system to identify vulnerabilities. One of its benefits is that it provides evidence of security and reproducibility, ensuring that the system can withstand real-world attacks and that the test methods are reliable.",A,"Let's reason step by step. A clean penetration test indicates that no vulnerabilities were found during the assessment, suggesting a secure system as all potential weaknesses have been identified and addressed. This provides full evidence of security for the tested system.",B
D,"Let's reason step by step. A replay attack is a malicious attempt to use a previously captured message or data that was sent by a legitimate sender to gain unauthorized access to a system. The attacker resends this message, which the system accepts and responds to, believing it to be authentic.",D,"Let's reason step by step. A replay attack involves the system replying to a message sent by the attacker, potentially revealing sensitive information or allowing unauthorized access. This is distinct from a brute-force attack, which continuously probes for weaknesses, and a man-in-the-middle attack, where the attacker intercepts and resends messages without being detected.",A
B,"Let's reason step by step. Digital signatures require the sender's private key to be verified, which is used to decrypt and authenticate the message.",A,"Let's reason step by step. To verify a digital signature, we need the receiver's public key to decrypt the message and ensure it originated from the intended sender. The sender's private key is used for signing messages, while the receiver's public key is used for verification.",B
C,"Let's reason step by step. The correct answer is option C. When a client connects to a server, the server checks the ticket's expiration time against its own clock. If the ticket has expired, the server refuses authentication, ensuring that only valid tickets are accepted.",C,Let's reason step by step. The Kerberos server plays a central role in ticket management and ensures security by refusing to establish new connections between clients and servers if the presented ticket has expired. This prevents unauthorized access and maintains the integrity of the system.,A
C,"Let's reason step by step. A buffer overflow occurs when a program attempts to write data to a buffer that is too small to hold the data, leading to data being written outside of the buffer's boundaries. This can happen during pointer operations, especially when copying data between memory areas or accessing memory through pointers. Option C describes this scenario accurately.",C,"Let's reason step by step. A buffer overflow occurs when a program attempts to write more data to a buffer than it can hold, causing it to reject further requests and prevent potential data corruption. This usually happens when writing to a pointer that has been freed or when copying data between memory areas without checking the size first.",A
B,"Let's reason step by step. A 'nop sled' is an acronym for 'no operation code' or 'none of the above'. It refers to a sequence of no-op instructions, which are instructions that have no effect on the processor. These are often used in computer programming and assembly language to pad out code or to create specific memory layouts. The most appropriate answer is option A: an anonymous version of a mop sled.",A,"Let's reason step by step. A nop sled is essentially a branch instruction placed at the end of a sequence of nops, guiding the program's execution to the intended location. This technique is often used in exploit development to redirect control flow after injecting shellcode, ensuring that the return address is known and controlled.",B
B,"Let's reason step by step. The one-time pad (OTP) encryption scheme uses a random key to encrypt a message, and the key can be derived from the message and the encrypted message. In this case, XORing the message with the ciphertext gives the key.",B,"Let's reason step by step. In OTP encryption, the key can be obtained by XORing the message with itself, as this operation effectively cancels out the encryption and reveals the original key. However, this method would not result in a valid key for all cases, hence choice C is incorrect. Choice D is also incorrect as XORing the message with the ciphertext does not yield the key.",B
C,"Let's reason step by step. A grammar-based fuzzer relies on a predefined set of rules and patterns, which may not cover the complex scenarios that lead to memory errors. Memory errors are often unpredictable and unique, so a fuzzing tool with random input generation is more suitable for finding these issues.",A,"Let's reason step by step. Grammar-based fuzzers are not suitable for finding memory errors as they strictly adhere to the defined grammar, limiting their ability to generate unexpected inputs that could trigger such errors. Address Sanitizer (ASAN) is a compiler tool that detects common memory issues like buffer overflows, which can be difficult to reproduce without proper tools like fuzzing. Fuzzing helps identify crashes and hangs caused by memory-related issues, but it may not always find the root cause directly. Thus, ASAN and fuzzing complement each other in finding memory errors.",A
C,"Let's reason step by step. A secure PRF guarantees that the output of the function is unique for each input, ensuring that any two inputs produce distinct outputs. In this case, the description suggests that the function E(k, m) produces a unique output for each (k, m) pair, indicating that it is symmetric and thus, symmetrically secure under CPA.",A,"Let's reason step by step. Since F is a secure PRF, it ensures that the output is indistinguishable from random noise, guaranteeing the semantic security of the encryption scheme under CPA. The definition of E(k, m) does not reveal any information about m since it is encrypted with F(k, r), which is secure.",A
B,"Let's reason step by step. Confidentiality is the protection of sensitive information from unauthorized access or disclosure. The sender and receiver expect that their private messages remain confidential, meaning they are not accessible to others without permission.",B,"Let's reason step by step. Message confidentiality ensures that only the intended recipient can access and understand the message, providing authentication and preventing unauthorized interception. This is a fundamental aspect of secure communication.",B
A,"Let's reason step by step. A hash function is used to create a unique digital fingerprint or 'digest' of a message or data, which is typically used for verification or authentication purposes. This digest is often referred to as a 'message authentication code (MAC)'.",A,"Let's reason step by step. The digest created by a hash function is called a modify authentication connection, as it establishes a secure link between the message and its hash value for verification purposes. This ensures data integrity and authenticity.",B
A,"Let's reason step by step. A sender must not be able to deny sending a message that was sent, which is the definition of non-repudiation. This concept is part of secure messaging and digital signatures.",A,"Let's reason step by step. The inability of a sender to deny sending a message is known as message integrity, as it guarantees that the message has not been tampered with during transmission. This ensures that the sender is responsible for the message they send.",A
C,"Let's reason step by step. Heartbleed is a vulnerability that allows attackers to access encrypted data in memory, including cryptographic keys. This exploitation typically involves reading data from memory, which is what 'a read outside bounds of a buffer' means.",C,"Let's reason step by step. The Heartbleed bug allows attackers to overwrite cryptographic keys in memory, compromising the security of encrypted communications and potentially leading to data breaches. This is distinct from code injection, which involves manipulating input data to execute malicious code, and read outside bounds of a buffer, which is a memory-related vulnerability but doesn't directly involve cryptographic keys.",A
C,"Let's reason step by step. Wi-Fi Protected Access (WPA) is a security protocol that uses encryption to secure wireless networks. WPA employs the Temporal Key Integrity Protocol (TKIP), which is an encryption form that enhances data security. While WPA also supports the use of shared keys, it primarily utilizes TKIP for encryption.",C,"Let's reason step by step. WPA utilizes LEAP encryption to secure wireless communications, providing a robust mechanism for protecting data transmitted over the network. This form of encryption ensures secure connections and is widely used in modern Wi-Fi security protocols.",B
A,Let's reason step by step. Nmap is a versatile network scanner that can identify active devices and open ports on a target network. It uses packet injection to discover information about the network infrastructure and services running on those networks.,A,"Let's reason step by step. Nmap is primarily a network fuzz testing tool that sends various probes to identify potential weaknesses in network systems and applications. It can also be used for mapping local or remote network topologies, which is how it 'maps' the Internet.",B
