B,"Let's reason step by step. The first statement is true because the entropy of a joint distribution is always greater than or equal to the sum of the entropies of its individual variables. The second statement is true because moralization involves creating new edges between non-adjacent nodes in a graph, effectively increasing the number of edges.",C,"Let's reason step by step. Moralization adds edges to a directed acyclic graph between nodes that have a common child, which reduces the number of edges in the graph. Entropy is a measure of uncertainty and cannot be increased, so adding edges would decrease entropy.",D
A,"Let's reason step by step. In least-squares regression with regularization, increasing the regularization parameter $\lambda$ adds a penalty term to the cost function that discourages large weights. This can improve generalization performance on unseen data (testing error) while potentially worsening the fit to training data (training error). Thus, increasing $\lambda$ will generally decrease the testing error and sometimes increase the training error.",C,"Let's reason step by step. Increasing the regularisation parameter \(\lambda\) will encourage the model to be simpler, which will always decrease the training error as it reduces overfitting. However, it can also increase the testing error if the model becomes too simple and fails to capture important patterns in the data. Therefore, increasing \(\lambda\) may or may not decrease the testing error, depending on the specific dataset and the complexity of the relationship being modeled.",B
D,"Let's reason step by step. The L2 penalty in ridge regression adds a penalty term that discourages large weight values, effectively regularizing the model and improving generalization. This is similar to a Laplace prior, which also promotes sparsity and can be interpreted as a type of regularization. Therefore, statement A is true.",A,"Let's reason step by step. The L2 penalty in ridge regression encourages the weights to be closer to zero, which is similar to the effect of a Laplace prior on the weights. Thus, the statement about the L2 penalty and Laplace prior is true.",A
C,"Let's reason step by step. Gradient descent is an optimization algorithm used to minimize a function by iteratively moving in the direction of steepest descent. The complexity depends on the number of iterations required to converge, which can be influenced by the learning rate and the curvature of the function. Since the number of iterations can vary based on these factors, it is not linear in either D or N, making B the correct choice.",B,"Let's reason step by step. Gradient descent involves iterating through each dimension of the data to update the weights, making its complexity linear in D, the number of dimensions. The algorithm is not inherently dependent on the number of training examples N, as each example is processed iteratively.",A
B,"Let's reason step by step. PCA and spectral clustering both perform eigen decomposition on matrices of the same size, so statement 1 is true. Classification is a subset of regression, so logistic regression is indeed a special case of linear regression, thus statement 2 is also true.",C,"Let's reason step by step. Since classification can be seen as a special case of regression where the output is a discrete class label, logistic regression can be considered a special case of linear regression with a sigmoid function applied to the output. However, PCA and spectral clustering do not share this relationship, as they are both dimensionality reduction techniques that can be applied to different types of data and matrices of varying sizes.",C
D,"Let's reason step by step. Pruning a decision tree is done to reduce overfitting, which is a common issue in machine learning where a model memorizes the training data instead of learning patterns. Overfitting leads to poor performance on new, unseen data, so pruning helps improve generalization accuracy.",D,"Let's reason step by step. Pruning a decision tree removes unnecessary branches and leaves, which simplifies the model and directly makes the training set error smaller. Overfitting is avoided as the complexity of the model is reduced, making it more generalizable to new data.",C
C,"Let's reason step by step. While all the professors mentioned are renowned in the field of AI, the risk associated with each is distinct. Nando de Frietas is known for his work on AI safety and ethical considerations, so his area of focus aligns with existential risks. Yann LeCun has made significant contributions to deep learning but may not be directly tied to existential risks in the same way as de Frietas.",A,"Let's reason step by step. Nando de Freitas, known for his work on machine learning and deep learning, has expressed concerns about the potential existential risks posed by advanced AI. He believes that we should be cautious and take measures to ensure that AI remains beneficial to humanity. While all four professors mentioned have contributed significantly to the field of AI, de Freitas is the one who has specifically addressed the potential risks.",A
B,"Let's reason step by step. The rank of a matrix is the maximum number of linearly independent rows or columns in the matrix. In this case, all three rows and columns are dependent as they are all equal to each other. So, the rank is 0.",A,"Let's reason step by step. Looking at the matrix, we can see two linearly independent rows, as the second and third rows are just multiples of the first row. Therefore, the rank of the matrix is 2. ",B
B,"Let's reason step by step. Gaussian Bayes classifiers rely on the assumption of a Gaussian distribution for the data, and the choice between full or diagonal covariance matrices affects the flexibility of the model in capturing complex patterns. Full covariances allow for more flexibility but can lead to overfitting if the data doesn't exhibit high variability within classes. Diagonal covariances restrict flexibility, reducing the risk of overfitting but making the model less accurate for complex data distributions.",B,"Let's reason step by step. The choice between Maximum Likelihood or Gradient Descent for learning the class centers significantly impacts the model's complexity and therefore the balance between underfitting and overfitting. Diagonal versus full covariance matrices affect the model's ability to capture non-linear relationships, impacting the flexibility of the model in fitting complex patterns. Equal versus estimated priors do not directly impact the trade-off between underfitting and overfitting.",A
A,"Let's reason step by step. As the number of training examples increases, the model will have a lower variance as it generalizes better and becomes more accurate.",A,"Let's reason step by step. As the number of training examples increases, the model becomes more complex and prone to overfitting, resulting in higher variance. However, as the number of training examples goes to infinity, the model will eventually reach a point of optimal complexity where the variance is minimized.",A
C,"Let's reason step by step. The correct answer is option D as it represents the probability of A and B given C, which is equal to the joint probability of A, B, and C without any assumptions of independence or conditional independence.",D,"Let's reason step by step. Using the chain rule of probability, we can express P(A, B, C) as P(C | A, B) * P(A) * P(B), which captures the dependencies between the variables. This option is B.",B
A,"Let's reason step by step. Predicting rainfall is an unlabeled task as it involves predicting a continuous variable (rainfall) based on various inputs, which is not a typical supervised learning problem where you have labeled data and try to predict a class or category.",B,"Let's reason step by step. Since we are trying to predict a specific value (rainfall amount) based on various cues, this problem falls under the category of 'None of the above', as it doesn't fit neatly into supervised or unsupervised learning. It lacks the clear-cut labels and data points that these techniques require.",D
C,"Let's reason step by step. K-means is a clustering algorithm that partitions data points into 'K' clusters, minimizing intra-cluster distance. Option C is correct because it minimizes within-class variance for a given number of clusters, ensuring the best separation of similar data points within each cluster.",C,"Let's reason step by step. The K-means algorithm will always converge to the global optimum if and only if the initial means are chosen as some of the samples themselves, ensuring the best possible clustering. Therefore, this statement is false.",D
A,"Let's reason step by step. BLEU and ROGUE are both metrics used in natural language processing for evaluating machine translation models. BLEU focuses on precision, while ROGUE emphasizes recall. As these are complementary aspects of evaluation, having one measure focus on precision and the other on recall is reasonable and logical.",C,"Let's reason step by step. The BLEU metric, which uses precision, is commonly used for evaluating language models, while the ROGUE metric, which uses recall, is used for evaluating machine translation systems. Therefore, the correct answer is C, as both statements are true.",C
A,"Let's reason step by step. A neural network's convergence is not directly influenced by dropout; it primarily depends on the learning rate and other optimization algorithms. On the other hand, dropout is a regularization technique that sets some neurons to zero during training to prevent overfitting. So, the statement about dropout is false.",D,"Let's reason step by step. Dropout helps prevent overfitting by randomly adding noise to the activation values during training, which is achieved by multiplying randomly chosen activation values by zero. This technique is often used in conjunction with neural networks and can improve their performance. Therefore, statement 2 is true.",C
A,"Let's reason step by step. Principal Component Analysis (PCA) and Singular Value Decomposition (SVD) are both dimensionality reduction techniques used to simplify data. SVD is a matrix factorization method that can be used for dimensionality reduction, and it results in the same projection as PCA when the data is zero-centered. Thus, transforming the data to zero mean or median would not yield the same result as SVD.",C,"Let's reason step by step. To achieve the same projection as SVD in PCA, we need to transform the data to have a zero median, ensuring that the data is centered around the origin. This is because SVD assumes zero mean data, and transforming to zero median ensures this assumption is met.",B
C,"Let's reason step by step. Pat's suggestion of having a multi-way split for each distinct value of the input attribute can lead to overfitting as the decision tree becomes too complex and specific to the training data, resulting in poor performance on unseen data (test set).",B,"Let's reason step by step. Pat's suggestion of using multiway splits would likely lead to a decision tree that scores poorly on both the training set and the test set due to increased complexity and potential overfitting. This is because decision trees are inherently sensitive to the data they are trained on, and adding unnecessary branches can make the model less robust and more prone to capturing random noise in the data.",B
A,"Let's reason step by step. The Stanford Sentiment Treebank is a collection of movie reviews, whereas the Penn Treebank contains text from books and other sources. Thus, the first statement is false, and the second statement is true.",C,"Let's reason step by step. The Penn Treebank, with its extensive collection of annotated sentences, has been widely used for language modeling tasks, while the Stanford Sentiment Treebank focused on sentiment analysis of movie reviews. Thus, the correct answer is C.",C
B,Let's reason step by step. Statement 1 is true because the log-likelihood will increase as more data is processed and the model learns from it. Statement 2 is false because Q-learning can be applied to new situations without prior knowledge; it is a value-based algorithm that learns through trial and error.,C,"Let's reason step by step. The expectation-maximization algorithm guarantees that the log-likelihood of the data will always increase through successive iterations, ensuring convergence to a local optimum. On the other hand, Q-learning is a model-free reinforcement learning algorithm that requires prior knowledge of action outcomes for effective decision-making.",C
A,"Let's reason step by step. Out-of-distribution detection is a technique used in machine learning to identify data points that fall outside the expected range or distribution of a model's training data. Anomaly detection is a synonym for out-of-distribution detection, as it refers to identifying unusual patterns or deviations from normal behavior.",A,"Let's reason step by step. Out-of-distribution detection is synonymous with train-test mismatch robustness, as both refer to the ability of a model to handle data that differs from the training distribution. This is an important concept in machine learning and artificial intelligence, ensuring models can generalize well to unseen data.",C
C,"Let's reason step by step. A fully connected network without activation functions is simply a linear transformation, which is always convex. The other statements are true for different reasons: Leaky ReLU is still convex, the combination of ReLUs can be non-convex, and the log sigmoid loss function is concave.",A,"Let's reason step by step. We know that a convex function is such that any chord lies above the curve. Since the Leaky ReLU is always increasing, it must be convex. On the other hand, the combination of ReLUs can have local minima and thus cannot be convex. The loss function is concave because its second derivative is negative, indicating a bowl shape.",B
C,"Let's reason step by step. Bayesian statisticians believe in updating beliefs based on evidence, so they would disagree with the use of a non-Gaussian noise model as it doesn't account for uncertainty. Frequentists, on the other hand, focus on the frequency of outcomes, so they might disagree with the use of priors, which are not directly related to frequentist statistics.",A,"Let's reason step by step. Bayesians use probability distributions to model data, while frequentists rely on point estimates and confidence intervals. So they would certainly disagree on the use of probabilistic modelling. While both approaches can use priors, the specific disagreement would be over the choice of prior distribution, as this is a key aspect of Bayesianism.",C
D,"Let's reason step by step. Averaging multiple decision trees can help reduce the variance of the model, as it takes into account multiple predictions and finds an average, which tends to smooth out any outliers or noise in the data. This leads to a more stable and reliable prediction method.",D,"Let's reason step by step. Averaging multiple decision trees is like creating a more complex model, with more parameters. This will increase the variance of the model. However, it can also help reduce bias as it takes into account more data points and their predictions.",B
A,"Let's reason step by step. F1 score is a metric used to evaluate the performance of a model on imbalanced datasets, while ROC curve is used for evaluating anomaly detection models. Both statements are true.",C,"Let's reason step by step. The F1 score is more suited for balanced datasets, while anomaly detection deals with imbalanced datasets. Therefore, the area under the ROC curve is more relevant for anomaly detection. So, the answer is C.",C
C,"Let's reason step by step. The probability of testing positive given that the patient has the disease (post-test probability) is 0.99, and the probability of testing negative when the patient does not have the disease is 0.97. We can calculate the prior probability of testing positive as the product of these probabilities: P(TP) = P(D) * P(TP|D) = 0.05 * 0.99 = 0.0495, which is approximately equal to 0.049 or 4.9%.",A,"Let's reason step by step. The prior probability of testing positive is simply the probability that someone has the disease, which is given as 0.05. This value is then multiplied by the probability of a positive test result when the disease is present (0.99) to get P(TP).",A
B,"Let's reason step by step. The number of test examples required for statistically significant results depends on the error rate. If the error rate is high, more data is needed to ensure accuracy, so the number of test examples should be larger in this case.",A,"Let's reason step by step. The number of test examples needed for statistically significant results depends on the desired confidence level and power, but not on the error rate. If the goal is to achieve a certain level of confidence in the results, a larger sample size is generally required for a higher level of confidence. Therefore, the correct answer is option A.",A
A,"Let's reason step by step. Adding more basis functions in a linear model can decrease the model's bias and variance, as it provides more flexibility to fit complex patterns in the data. Therefore, adding more basis functions is likely to reduce both bias and variance.",B,"Let's reason step by step. Adding more basis functions allows the model to better fit the data, which reduces the estimation bias. However, it also increases the model's complexity, leading to higher variance if not properly regularized.",B
C,"Let's reason step by step. A model that cannot fit the training data or generalize to new data likely indicates that it is underfitting, which is a form of overfitting.",C,"Let's reason step by step. A model that can neither model the training data nor generalize to new data is overfitting, as it has memorized the training data but cannot generalize. Overfitting occurs when a model learns the noise in the training data and fails to capture the underlying patterns.",B
D,"Let's reason step by step. Regression is a statistical technique used to model the relationship between variables, but it doesn't inherently discover causal relationships. It can be used for prediction and interpretation, but it doesn't imply causation.",D,"Let's reason step by step. Regression models provide coefficients for each feature, which can be used to interpret the importance of each feature and their relationship with the output variable. So it can be used for interpretation. However, it is primarily used for prediction, and while it can discover patterns, it does not inherently discover causal relationships.",D
B,"Let's reason step by step. The probability of getting a specific number on a fair 6-sided die is 1 in 6, or 1/6. To find the probability of not getting a specific number (in this case, side 1), we subtract that probability from 1. So, for side 1, it's 1 - 1/6 = 5/6. The total number of outcomes without side 1 is 6, so there are 5 favorable outcomes for side 3. Therefore, the probability of getting side 3 using Add-1 Smoothing is 5/6 * 5/5 = 25/30, which simplifies to 5/6.",A,"Let's reason step by step. Add-1 smoothing adds 1 to the observed frequency of each side, so the probability of side 3 coming up is (2+1)/(15+6) = 1/5. So, the correct answer is D.",D
C,"Let's reason step by step. A low training error and a low test error indicate that the model generalises well, which is a key requirement for a good machine learning method. The methods claiming to achieve lower errors are more likely to be accepted as they demonstrate strong performance on both training and test sets.",B,"Let's reason step by step. The paper that achieves the lowest test error is clearly the best, as it demonstrates superior performance on unseen data. The use of regularization and cross-validation are common techniques to improve model generalization, so papers C and D also have potential. However, paper B specifically mentions minimizing test error, which is a more reliable metric than cross-validation.",B
B,"Let's reason step by step. Clustering is an unsupervised machine learning technique used to group similar data points together. It can be useful for pattern recognition and segmentation analysis, which are applicable in all the given options. Predicting rainfall involves identifying patterns from various inputs, fraudulent transaction detection requires grouping suspicious activities, and a robot needs to identify patterns to navigate a maze.",D,"Let's reason step by step. Clustering algorithms group data points based on their similarity, which could be helpful for a robot to identify different sections of the maze and navigate through it. On the other hand, predicting rainfall involves understanding patterns in data, and fraudulent transactions require identifying anomalies, both of which can be achieved using clustering techniques.",B
C,"Let's reason step by step. A high negative coefficient value in a linear regression model indicates that the feature has a strong negative relationship with the target variable, suggesting that as the feature increases, the target variable decreases. This implies that the feature is important for predicting the outcome and should be retained in the model.",A,Let's reason step by step. A high negative value for the coefficient suggests that this feature has a strong effect on the model and should be retained. This is because a higher absolute value indicates a stronger relationship with the target variable.,A
C,"Let's reason step by step. Training loss increasing with more epochs usually indicates overfitting, which happens when the model memorizes the training data and performs poorly on new, unseen data. Overfitting occurs when regularization is too low, resulting in a complex model that learns the training noise.",A,"Let's reason step by step. An increasing training loss suggests the model is not learning effectively. This could be due to excessive regularization, which prevents the model from fitting the training data. Therefore, the most likely cause is option A: regularization is too low and the model is overfitting.",A
A,"Let's reason step by step. Traditional machine learning assumes independence and identically distributed data for training and testing. However, in 2017, COCO models were often pretrained on ImageNet, indicating that the data distribution may differ between these datasets.",C,"Let's reason step by step. COCO and ImageNet are distinct datasets with different image categories, so it's unlikely that COCO models would be pretrained on ImageNet. The statement is false in both parts.",D
B,"Let's reason step by step. To calculate P(H|E, F) without conditional independence, we need to use Bayes' rule and the given set of probabilities: P(H), P(E|H), and P(F|H). Option C is the only choice that includes these probabilities.",C,"Let's reason step by step. To calculate P(H|E, F), we need to know the probability of H, the individual conditional probabilities of E and F given H, and the joint probability of E and F. Option A has all these components.",A
A,"Let's reason step by step. The number of hidden nodes in a neural network directly affects the model's capacity to learn complex patterns and its ability to generalize to new data. An increase in hidden nodes increases the model's flexibility, which can help prevent underfitting but may also lead to overfitting if not carefully controlled.",A,"Let's reason step by step. The initial choice of weights determines the starting point of the optimization process. A poor initialization can lead to a model getting stuck in a suboptimal solution, resulting in underfitting or overfitting. Thus, it has the most significant impact on the trade-off between underfitting and overfitting.",C
A,"Let's reason step by step. VGGNets utilize smaller kernel sizes compared to AlexNet, reducing computational requirements and promoting efficient feature learning. Batch normalization, an early technique, was employed prior to the introduction of data-dependent weight initialization.",C,Let's reason step by step. Both data-dependent weight initialization and Batch Normalization aim to improve the training process and prevent issues like vanishing gradients. So they were likely developed around the same time. The statement about convolutional kernels is true as VGGNet has smaller kernel sizes than AlexNet for similar reasons of reducing parameter space and computational cost.,C
D,"Let's reason step by step. Spatial clustering algorithms are specifically designed to work with data that has a geographical or spatial component, such as GPS coordinates or maps. Grid-based clustering and partitioning are types of spatial clustering as they divide the data into regions or partitions based on location. K-means is not a spatial clustering algorithm as it does not consider the spatial relationship between data points.",C,"Let's reason step by step. K-means clustering is based on assigning data points to clusters based on their distance to centroids, not on their spatial location. So it's not a spatial clustering algorithm. Grid-based clustering divides the data into a grid and assigns data points to their respective grids, but it doesn't consider the spatial relationships between data points within a grid. Only partitioning-based clustering methods like DBSCAN and OPTICS consider the spatial proximity of data points for clustering.",C
C,"Let's reason step by step. While both statements are true, they address different aspects of machine learning and statistics. Statement 1 is about using kernel density estimation for classification, which is a valid technique. Statement 2 describes the relationship between logistic regression and Gaussian Naive Bayes classifiers, which is also accurate. However, the specific wording 'identity class covariances' is not standard in this context.",C,"Let's reason step by step. Since logistic regression and Gaussian Naive Bayes can be equivalent under certain conditions, there must be a one-to-one correspondence between their parameters. This is true for the given statement.",C
A,Let's reason step by step. Gradient descent is an optimization algorithm that updates the parameters of a model by taking steps in the direction of steepest descent as defined by the negative of the gradient. The cost of one gradient descent update is O(N) since it involves iterating through the training data once and performing element-wise operations.,B,"Let's reason step by step. To update the weights, we need to compute the product of the design matrix X with the weight vector w, which has a complexity of O(ND^2). This operation is performed for each training example, so the overall cost of one gradient descent update is O(ND^2).",D
C,"Let's reason step by step. The sigmoid function is a common activation function in neural networks that squashes the output to be between 0 and 1, representing probabilities. This range of [0, 1] is typical for binary classification problems where the output is interpreted as a probability.",C,"Let's reason step by step. The sigmoid function acts as a threshold, mapping the input to either 0 or 1, so its output must be an integer. Therefore, the correct answer is B.",B
A,"Let's reason step by step. Random crops and flips are common data augmentation techniques for images as they help in improving the model's performance by increasing the diversity of the training data. Among the given options, random crop and horizontal flip is the most commonly used technique.",A,"Let's reason step by step. Dithering helps reduce the complexity of natural images, making it a suitable augmentation technique for training. Random crops and flips are commonly used for their ability to increase data diversity.",D
C,"Let's reason step by step. The gradient of a function with respect to a variable is the direction of steepest ascent or descent, and its magnitude gives the rate of change. In this case, the objective function has two terms, one quadratic in $w$ and the other a constant multiple of $w^2$. The gradient will have two components, one from each term. The first term, $X^T X w$, is a linear combination of the columns of $X$, so it will have a gradient with respect to $w$ that is a linear combination of the rows of $X$. The constant multiple of $w^2$ has a gradient of $2\lambda w$. Thus, the correct answer is C.",C,"Let's reason step by step. The derivative of the first term with respect to w is simply (Xw - y), and the derivative of the second term is λw. So, the gradient is indeed option C.",C
C,"Let's reason step by step. Neural networks are versatile tools that can optimize non-convex objectives and employ various optimization algorithms, including but not limited to stochastic gradient descent. They can also utilize different activation functions to capture complex relationships in data.",D,"Let's reason step by step. Neural networks rely on gradient descent to update their weights, and stochastic gradient descent is the only viable method for this purpose. While neural networks can use a variety of activation functions, they are not restricted to just one type.",B
B,"Let's reason step by step. This problem involves clustering patients into groups based on their medical records, which is a characteristic of unsupervised learning. However, the goal is to find patterns in the data that could inform tailored treatments, which aligns with the goal of supervised learning. Thus, it is a combination of both.",C,"Let's reason step by step. Since we are trying to identify different groups of patients based on their medical records, we need labeled examples for each group, making this a supervised learning problem. Unsupervised learning is used when the data doesn't have labels, and neither option describes the given scenario accurately.",A
A,"Let's reason step by step. Gradient descent is a optimization algorithm commonly used for training models in machine learning. It can be applied to Gaussian mixture models (GMMs) for inference and learning. The second statement is also true; the time complexity of learning a Gaussian-based Bayes optimal classifier is linear in the number of records, assuming a fixed number of attributes.",C,"Let's reason step by step. Both statements seem unlikely as gradient descent and linear time learning are not typically associated with these models. Gradient descent is a optimization algorithm used for training neural networks, while Gaussian mixture models are used for clustering and do not have an efficient learning algorithm in the same sense. The second statement is false because the time complexity of learning a Gaussian-based Bayes optimal classifier is at least quadratic in the number of attributes.",B
B,"Let's reason step by step. Layer Normalization is a technique introduced in the original ResNet paper to stabilize and accelerate training. On the other hand, Batch Normalization was later proposed as an improvement upon it. As for DCGANs, they do not explicitly use self-attention but rather rely on skip connections and the generator-discriminator architecture to achieve stable training.",C,"Let's reason step by step. Layer Normalization is indeed used in ResNets, and self-attention is crucial for stabilizing DCGAN training. So, the correct answer is C.",C
D,"Let's reason step by step. ReLU functions are not monotonic because they have a positive slope for positive inputs and zero slope for negative inputs, resulting in a non-monotonic behavior. On the other hand, sigmoid functions are S-shaped curves that approach 0 and 1 as inputs approach -∞ and ∞, respectively, thus exhibiting monotonic behavior. As for the second statement, neural networks trained with gradient descent can converge to the global optimum if the learning rate is appropriately chosen and the network architecture is suitable for the given task.",C,"Let's reason step by step. The ReLU function is monotonic, while the sigmoid function has a non-monotonic gradient. Gradient descent ensures convergence to an optimum solution. Therefore, statement 2 is true.",C
A,"Let's reason step by step. Linear models assume a linear relationship between features and the target variable, which is only applicable when the data is linearly separable. Among the given options, only Linear Hard-margin SVM can be used in such a scenario.",A,"Let's reason step by step. Logistic Regression, like SVMs, can handle linearly separable data using a linear decision boundary. However, it is a probabilistic model that estimates the probability of a class, whereas SVM aims to find an optimal hyperplane for classification. The centroid method is a simple clustering algorithm that doesn't consider data linearity.",B
C,"Let's reason step by step. The presence of a half term in the MSE expression for the one-parameter model suggests that it is scaled by a factor of 1/2, which is common when optimizing using gradient descent. This scaling affects the learning rate and can impact convergence speed. Therefore, the correct answer is option A.",A,"Let's reason step by step. Scaling the MSE by half reduces the magnitude of the gradient, leading to smaller steps and faster convergence during gradient descent. This is a common technique used in optimization algorithms.",A
D,"Let's reason step by step. Hoeffding's inequality states that with a 95% confidence interval, the true 0/1 loss can be estimated to within 1% with a sufficiently large IID test set size. For a 1% margin of error, the required sample size is approximately 384 examples.",C,"Let's reason step by step. Hoeffding's inequality suggests that with around 100 examples, we can achieve a loss estimate within 1% of the true loss with 95% probability. This is because the inequality states that for independent and identically distributed (IID) random variables, the difference between the sample mean and the true mean is upper bounded by a certain value, which depends on the size of the sample and the variability of the variables.",B
C,"Let's reason step by step. The models obtained at different stages of feature selection may differ as they are trained on varying subsets of data and have distinct sets of features. This is true for best-subset selection, forward stepwise selection, and forward stage-wise selection.",D,"Let's reason step by step. All feature selection methods essentially achieve the same goal, so the final model obtained should be identical regardless of the specific selection process. However, during the selection process, the models may differ as they are built iteratively and can take different paths to arrive at the optimal subset. Therefore, the correct answer is B.",B
D,"Let's reason step by step. L0 and L1 regularization can result in some coefficients becoming zero, but only L1 will result in exactly one coefficient going to zero for each feature selected. Since some coefficients are zeroed out, it is most likely that L1 regularization was used.",B,"Let's reason step by step. The L0 norm directly penalizes the number of non-zero coefficients, making it likely the cause of zeroed-out weights. The L1 norm also does this, but it is more commonly known for favoring sparse solutions and is often preferred over L0. Therefore, either the L0 or L1 norm was used.",D
B,"Let's reason step by step. High entropy in the context of information theory and classification refers to a system with a high degree of uncertainty or randomness. In this case, it suggests that the partitions or categories are not distinct or well-defined, indicating a more complex and less structured system.",B,"Let's reason step by step. High entropy implies a high degree of randomness or disorder in the partitions, making them less useful for classification. Therefore, 'useful' is the wrong answer.",C
B,Let's reason step by step. Support vectors are the data points closest to the decision boundary in a Support Vector Machine (SVM). These are the critical points that influence the position of the boundary and are used to classify new data points.,A,"Let's reason step by step. Support vectors are those data points that have a non-zero weight in the SVM model, contributing to the final decision boundary. These points are crucial as they influence the position and shape of the boundary.",D
D,"Let's reason step by step. Support Vector Machines (SVM) with the right kernel and parameters can achieve low generalization error. While SVMs with polynomial kernels can approximate any decision boundary, it is not always the case that a lower-degree polynomial will result in the lowest error. Thus, the first statement is true but the second statement is false.",C,"Let's reason step by step. SVMs are known for their strong generalization performance, and their use of kernels allows them to represent a wide range of decision boundaries, including those produced by generative models. However, the lowest generalization error is not guaranteed for all SVM configurations.",C
C,"Let's reason step by step. The first statement is true because the junction tree algorithm is a type of dynamic programming approach for performing inference in Bayesian networks, and it has been shown to produce the same results as variable elimination. The second statement is true because conditional independence implies d-separation in a Bayesian network, which means that the nodes are d-separated given the third node.",C,"Let's reason step by step. The inference results of different algorithms in Bayesian networks can vary, and conditional independence doesn't necessarily imply d-separation. Statement 1 is false, and statement 2 is true but not sufficient to conclude the overall truth value.",C
A,"Let's reason step by step. The ReLU function has a zero gradient for negative inputs, while the sigmoid function has a continuous gradient. Thus, only statement 2 is false.",B,"Let's reason step by step. The sigmoid function has a discontinuous gradient at its extremes, while the ReLU function has a continuous gradient everywhere. The second statement is false because the ReLU's gradient is zero for x < 0, which contradicts the claim.",D
D,"Let's reason step by step. A neural network with no hidden layers and a single output node, along with entropy loss and sigmoid activation, is a simple logistic regression model. Logistic regression is a well-known algorithm that can be optimized using gradient descent variants like stochastic gradient descent (SGD), mini-batch gradient descent, or batch gradient descent. All three options are valid choices for optimizing the model to find the global optimum.",D,"Let's reason step by step. Stochastic gradient descent's inherent randomness allows it to explore the loss landscape more effectively, making it the only option for finding the global optimum in this scenario. While mini-batch and batch gradient descent can also be used with proper hyperparameters, stochastic gradient descent is the most straightforward approach and is often sufficient for finding a global optimum.",A
C,"Let's reason step by step. The number of independent parameters in a Bayesian network is equal to the number of nodes that are not connected to other nodes (i.e., the number of latent variables). In this case, there are three nodes that are not connected: H, U, and P. Therefore, the correct answer is 3 independent parameters.",C,"Let's reason step by step. We have four variables in the Bayesian Network, each of which can take two possible values, so the joint distribution has 2^4 = 16 possible values. Since we need to find the number of independent parameters, we count the number of constraints (i.e., the number of edges) in the network, which is four. Thus, the number of independent parameters is given by the number of variables minus the number of constraints, resulting in 4 - 1 = 3 independent parameters.",D
C,"Let's reason step by step. The choice that most affects the trade-off between underfitting and overfitting is the kernel width, as it directly controls how much of the training data the model can access and how complex its decision boundary can be.",C,"Let's reason step by step. A higher kernel function will encompass more data points, leading to smoother predictions and reducing the risk of overfitting. However, a lower kernel function may not capture the underlying patterns effectively, resulting in underfitting. Therefore, the choice of kernel width is the most significant factor in achieving the optimal balance between these two issues.",C
C,"Let's reason step by step. The given Bayesian network represents a directed acyclic graph with the nodes H, U, P, and W, where H -> U -> P -> W. To find the joint probability of all four nodes, we multiply the probabilities along the path from H to W. This results in P(H) * P(W) * P(P | W) * P(U | H, P), which is option C.",C,"Let's reason step by step. Since the variables in the network are connected by arrows, they are independent, so the joint probability is simply the product of the individual probabilities of each variable. The correct answer is C.",C
A,"Let's reason step by step. Both ResNets and Transformers are feedforward neural networks. However, the key difference lies in their architecture. ResNets use residual connections, while Transformers introduce self-attention mechanisms. So, statement 1 is False, and statement 2 is True.",D,"Let's reason step by step. Both ResNets and Transformers are known for their recurrent connections, which allow information to flow back and forth between layers. This is a key feature that sets them apart from traditional feedforward networks. While both use self-attention, ResNets do not have the same multi-head attention mechanism as Transformers, making this statement true for Transformers and false for ResNets.",C
C,"Let's reason step by step. The first command, `5 + torch.randn(10,5) * 16`, creates a $10 \times 5$ matrix with i.i.d. entries from a Gaussian distribution with mean 5 and variance 16. The second command, `(torch.rand(10,10) - 0.5) / 0.5`, creates a $10 \times 10$ uniform matrix with each entry i.i.d. sampled from the interval $[-1, 1]$. So, the correct answer is B.",B,"Let's reason step by step. To generate values from a uniform distribution between -1 and 1, we can first generate values between 0 and 1 using torch.rand and then scale and shift them by subtracting 0.5 and dividing by 0.5. The first command in option B performs the necessary transformation. For the Gaussian distribution, we can directly sample from a standard Gaussian with mean 5 and variance 16 using torch.randn and then scale it by 5 and multiply by 16 to get the desired variance of 16.",B
B,"Let's reason step by step. Feature selection is a process of choosing the most relevant variables for modeling, and both Ridge and Lasso are regularization techniques that can help with this. While they have different purposes, they can be used together to improve model performance and generalization. Therefore, both options (a) and (b) are appropriate for feature selection.",C,"Let's reason step by step. Both Ridge and Lasso regression are regularization techniques that can help prevent overfitting, making them both suitable for feature selection. However, Lasso tends to perform better when the true model is linear, while Ridge is more flexible and can handle non-linear relationships.",C
A,"Let's reason step by step. K-fold cross-validation involves dividing the dataset into k subsets, and this process is linear in K. The time complexity of a linear function increases linearly with K, so it is indeed linear in K.",A,"Let's reason step by step. As we increase the number of folds (K) in cross-validation, the number of models to train and evaluate grows exponentially, leading to exponential complexity. This is characteristic of exponential relationships.",D
D,"Let's reason step by step. The probability of A given B can be calculated using Bayes' theorem: P(A|B) = (P(B|A) * P(A)) / P(B). Plugging in the values, we get P(A|B) = (1/4 * 1/2) / (1/3) = 1/6.",A,"Let's reason step by step. Using Bayes' theorem, P(A | B) = P(B | A) * P(A) / P(B) = (1/4) * (1/2) / (1/3) = 1/6. So, the answer is A.",A
B,"Let's reason step by step. The first statement is true because the kernel trick in machine learning allows for non-linear classification in original space with a linear classifier, potentially improving performance. The second statement is false as the VC dimension of a Perceptron and a simple linear SVM are the same, as both have a VC dimension of 1.",C,"Let's reason step by step. Mapping data to a higher-dimensional feature space using a kernel function generally improves the performance of 1-NN and increases the VC dimension of a Perceptron compared to a linear SVM. So, the first statement is true, and the second statement is false.",C
B,"Let's reason step by step. Bagging, or bootstrap aggregating, is a technique where multiple subsets of the training data are sampled with replacement to create diverse classifiers. This reduces overfitting as each classifier sees only a fraction of the data and has less correlation with others. Option A describes this process accurately.",A,"Let's reason step by step. Bagging involves training multiple classifiers on different subsets of data, and the validation performed on each classifier helps prevent overfitting within those individual models. This process also ensures that the ensemble as a whole generalizes well to unseen data.",D
B,"Let's reason step by step. If P(A, B) decreases while P(A) increases, it means that the probability of A occurring given B has decreased, but the probability of A independent of B has increased. This can only be true if P(B|A) decreases.",B,"{
    ""Reasoning"": ""Let's reason step by step. If P(A, B) decreases while P(A) increases, it suggests a decrease in the dependence between A and B, leading to a decrease in both P(A|B) and P(B|A), as well as a potential decrease in P(B)."",
    ""Answer"": ""A,B,C""
}",-
A,"Let's reason step by step. A decision tree model can underperform due to several reasons, but overfitting is a common issue. Overfitting occurs when a model learns the training data too well and fails to generalize to new, unseen data. This usually happens when the model is complex or has too many parameters relative to the size of the training data.",C,"Let's reason step by step. The poor performance on both training and test sets suggests a more complex issue, such as overfitting or problems with the learning rate or optimization algorithm. While decision trees can be shallow for simple datasets, deeper trees are often necessary for effective spam classification. Thus, the correct answer is C: overfitting.",C
A,"Let's reason step by step. Support Vector Machines (SVM) are known for finding the optimal hyperplane that maximizes the margin in the original feature space, not the mapped feature space. On the other hand, a Perceptron, when used with a radial basis function kernel, can achieve better performance in higher-dimensional spaces due to the kernel trick, which avoids the computational complexity issues of linear classification in high dimensions. So, the statements are both true but refer to different aspects of their respective algorithms.",C,"Let's reason step by step. Similar to SVMs, mapping data to a higher-dimensional feature space using a kernel function always allows a Perceptron to achieve better classification performance than in its original space. However, the globally optimal hypothesis is not guaranteed with the SVM algorithm as it depends on the chosen kernel and optimization method. Therefore, statement 2 is true but statement 1 is false.",C
D,"Let's reason step by step. Overfitting occurs when a model learns the training data too well, including noise and outliers, leading to poor generalization. A small training set can increase the likelihood of overfitting as it provides less diverse examples for learning. Similarly, a small hypothesis space, representing the flexibility of the model, can also result in overfitting as the model becomes too specialized to the training data.",C,"Let's reason step by step. A smaller hypothesis space restricts the possible functions that the model can learn, making it less flexible and more likely to underfit the data. On the other hand, a larger hypothesis space allows for more flexibility, which is beneficial when dealing with complex relationships in the data. Overfitting occurs when a model memorizes the training data, so a smaller dataset is more prone to this issue.",C
C,"Let's reason step by step. The probability of having disease D given a positive test result can be calculated using Bayes' theorem: P(D | TP) = (P(TP | D) * P(D)) / P(TP). Given that the test is very accurate, P(TP | D) is close to 1 and P(TP) is approximately the product of P(TP | D) and P(D), which is 0.99 * 0.05 = 0.0495. Thus, P(D | TP) is approximately 0.0495.",A,"Let's reason step by step. Given the high accuracy of the test and a positive result, the probability of having the disease is likely close to the probability of testing positive when you have the disease, which is 0.99. This means that P(D | TP) is approximately 0.99.",A
A,"Let's reason step by step. In two dimensions, a linear SVM will always learn a straight line as the separating hyperplane. Option A is thus true. While this is true, option B is also true as any non-linear kernel can be approximated by a Gaussian kernel to an arbitrary degree of accuracy. Option C is false as it states that every kernel has an equivalent basis expansion which is not always the case. Option D is false as overfitting in SVMs is indeed influenced by the number of support vectors.",A,"Let's reason step by step. Kernel SVMs, especially those with Gaussian kernels, are limited in their ability to model complex separating hyperplanes due to the smooth nature of the kernel function. This restriction is inherent in theory and not specific to any particular kernel function. Thus, statement B is true.",B
D,"Let's reason step by step. L2 regularization adds a penalty term that discourages large weights in linear models, often making the model more sparse as it reduces the number of non-zero weights. On the other hand, L1 regularization encourages sparsity by directly penalizing the magnitude of weights, which can result in more sparse solutions compared to L2 regularization. Therefore, statement A is correct.",A,"Let's reason step by step. L2 regularization tends to shrink the weights of features towards zero, leading to sparser models compared to L1 regularization, which only encourages smaller weights. Residual connections are a key component of ResNets and Transformers, enabling skip connections that bypass some layers for improved gradient flow.",C
A,"Let's reason step by step. Discriminative models aim to model the probability of a particular class or category given some input data. The formula p(y|x) represents this probability, where y is the class and x is the input data.",A,"Let's reason step by step. Discriminative approaches aim to model the joint probability distribution of both the input features (x) and the output labels (y), represented as p(y, x). The parameters w in a discriminative model capture the relationships between these variables.",B
A,Let's reason step by step. Word2Vec parameters are typically initialized using a Random Initialization or a Pre-trained word embedding. The tanh function is a nonlinear activation function used in neural networks.,C,"Let's reason step by step. Word2Vec's initial parameterization involved a Restricted Boltzmann Machine for pre-training, and the tanh function, despite its smooth curve, is considered a linear activation function due to its continuous and unbounded nature. So, neither statement is true.",D
A,"Let's reason step by step. The margins of two kernels indicate the performance on the training set but not the test set, so they don't tell us which classifier will perform better on the latter. On the other hand, BERT's activation function is indeed GELU.",C,"Let's reason step by step. Comparing the margins obtained by different kernels allows us to directly assess which classifier will perform better on the test set, and BERT utilizes the ReLU activation function for its hidden layers. So, statement A is false, and statement B is true.",B
B,"Let's reason step by step. Batch normalization changes the activations of a layer to have mean 0 and variance 1, which is the standard distribution of a Gaussian. The bias parameter becomes redundant as it is no longer needed to center the activations. This is true for batch normalization layers.",A,"Let's reason step by step. Both Batch Normalization and Layer Normalization aim to normalize the activations of a layer, and for convolutional networks, their effects are essentially the same. However, Batch Normalization is often preferred as it does not require re-computing gradients during backpropagation, making training faster.",D
B,"Let's reason step by step. While GPUs are increasingly used for deep learning tasks, traditional training often occurs on CPUs due to their computational power and efficiency in handling large datasets. The ResNet-50 model is a well-known convolutional neural network architecture with a significant number of parameters, making it resource-intensive.",C,"Let's reason step by step. ResNet-50 is a very large model with a huge number of parameters, and such complex models typically require the parallel processing power of GPUs for efficient training. On the other hand, CPUs are more commonly used for simpler models or smaller datasets.",C
A,"Let's reason step by step. AdaBoost (Adaptive Boosting) is an ensemble learning method that assigns higher weights to misclassified examples during training. The weights are updated iteratively, and the training error of weak classifiers tends to increase as more instances are misclassified, especially in the early iterations. This behavior is consistent with both statements.",C,"Let's reason step by step. In AdaBoost, each subsequent weak classifier focuses on correcting the mistakes of the previous ones, so the weighted training error should naturally decrease as we add more classifiers. This contradicts the statement in B.",B
D,"Let's reason step by step. Linear regression has the smallest variance among unbiased estimators as it is a deterministic algorithm without any randomness. On the other hand, AdaBoost assigns non-negative coefficients to classifiers, which is a characteristic of the algorithm.",C,"Let's reason step by step. The Gauss-Markov theorem states that the linear regression estimator has the smallest variance among all unbiased estimators, which should also hold true for the coefficients in AdaBoost. Thus, the statement is true for both parts.",A
B,"Let's reason step by step. Overfitting occurs when a model learns the training data too well, including noise and outliers, which can lead to poor generalization. Increasing the amount of training data may help, but it is not a direct solution to overfitting. Improving the optimization algorithm or reducing model complexity are more effective approaches.",A,"Let's reason step by step. Overfitting occurs when the model learns the noise in the training data too well, so reducing this noise should help the model focus on the underlying patterns and generalize better to unseen data. Increasing training data might help, but it won't reduce overfitting directly; improving the optimization algorithm can help, as can decreasing model complexity, but increasing data is not a direct solution to overfitting.",A
D,"Let's reason step by step. Highway networks were introduced before ResNets and included max pooling layers, which are a type of downsampling operation. DenseNets are known for their efficiency in reducing memory usage compared to other CNN architectures due to their dense connections.",C,"Let's reason step by step. Highway Networks came before ResNets and were known for their use of convolutions instead of max pooling, making them more memory-efficient compared to ResNets. DenseNets are known for their high memory cost due to their dense connections between layers.",C
B,"Let's reason step by step. A convolution kernel is a matrix that slides over an image to perform a mathematical operation, and it can be used for various image processing tasks like edge detection and feature extraction. The provided matrix in option C has all elements equal to 1, which means it will result in the same output as the original image during convolution. Therefore, this option is correct.",C,"Let's reason step by step. A convolution kernel filled with ones essentially multiplies each pixel by 1, which wouldn't change the values in the image. So, convolving an image with a kernel of [1 0 0; 0 1 0; 0 0 1] would not result in any changes to the image.",A
B,"Let's reason step by step. The classification time for k-nearest neighbors is influenced by the number of instances, N. As the algorithm involves finding the nearest data points to make predictions, the runtime grows linearly with the number of instances in the dataset. Thus, the correct option is B.",B,"Let's reason step by step. The nearest neighbors algorithm simply looks up the closest data point in the training set, which takes a constant amount of time regardless of the dataset size. Thus, its runtime is O(1).",A
B,"Let's reason step by step. MLE (Maximum Likelihood Estimator) estimates can be undesirable due to their bias and high variance, which can lead to inconsistent results and poor model performance in certain scenarios.",B,"Let's reason step by step. Maximum Likelihood Estimation (MLE) is a widely used method known for producing unbiased and consistent estimators, making them generally desirable in statistical modeling. However, MLE can have high variance in certain scenarios, especially when the true underlying distribution is complex or there are outliers in the data.",B
A,"Let's reason step by step. The polynomial degree in polynomial regression determines the flexibility and complexity of the model, directly affecting its ability to capture non-linear relationships. Higher degrees allow for more complex curves, which can overfit if there is noise or insufficient data. Thus, the polynomial degree has a significant impact on the trade-off between underfitting and overfitting.",A,"Let's reason step by step. The constant-term unit input essentially adds a bias term to the model, which can significantly influence its ability to fit the data and therefore plays a crucial role in the underfitting-overfitting trade-off. By including it, we allow the model to capture any constant offset or intercept in the data.",D
D,"Let's reason step by step. Each attribute has 3, 2, 2, and 2 possible values, so the total number of ways to choose one value from each attribute is 3 * 2 * 2 * 2 = 24. Since there are three class labels, the total number of examples is 24 * 3 = 72.",D,"Let's reason step by step. Since there are four attributes, the total number of possible examples should be the product of the number of attributes, which is 4. Each attribute has three possible values, so we multiply that by the number of classes, which is 3. This gives us a maximum of 12 different examples.",A
B,"Let's reason step by step. ID3 is a decision tree algorithm that constructs the best tree to make predictions based on a set of attributes and their values. It does not guarantee optimality in all cases as it has limitations and assumptions. On the other hand, the statement about a continuous probability distribution with nonzero density function f(x) correctly states that the probability of a value x is given by the function f(x).",C,"Let's reason step by step. The ID3 algorithm is known for its ability to find the optimal decision tree, and for a continuous probability distribution, the probability of a specific value is indeed equal to its density at that point. So, both statements are true.",C
C,"Let's reason step by step. The derivative of the sigmoid function is equal to the probability mass function (PMF) of a Bernoulli random variable with parameter the sigmoid of x. Setting bias parameters to 0 reduces variance but also bias, as it eliminates the ability of the model to learn non-linear relationships.",C,"Let's reason step by step. The derivative of the sigmoid function is closely related to the variance of a Bernoulli random variable, and setting bias parameters to 0 in a neural network reduces both bias and variance, leading to a more balanced trade-off. So, the answer is C, where statement 1 is true, and statement 2 is false.",C
C,Let's reason step by step. ImageNet is a large-scale visual recognition data set with images of various resolutions. Caltech-101 is a smaller dataset specifically designed for computer vision research and machine learning. It is likely that ImageNet has more images due to its larger scope and purpose as a general-purpose image database.,C,"Let's reason step by step. Both ImageNet and Caltech-101 are large image datasets with diverse categories, and Caltech-101 actually contains a larger number of images compared to ImageNet. This is because ImageNet is often used for training large-scale deep learning models, while Caltech-101 is a more specialized dataset focusing on specific computer vision tasks.",C
B,"Let's reason step by step. The maximum a posteriori (MAP) estimate is the value that maximizes the likelihood of the data given the model, which is the opposite of what an EM algorithm aims to find. Therefore, modifying the expectation and maximization steps is necessary to achieve MAP estimates.",D,"Let's reason step by step. To switch from MLE to MAP estimation, we need to incorporate prior probabilities into both the Expectation and Maximization steps of the EM algorithm, as both steps involve probability calculations. Thus, both steps require modification.",D
A,"Let's reason step by step. Convolutional networks, or CNNs, are specifically designed for image recognition tasks and have been the most successful architecture for high-resolution image classification. They excel at capturing spatial hierarchies and local patterns in images, making them ideal for this specific task.",A,"Let's reason step by step. Graph networks excel at handling complex relationships and structures within data, making them ideal for classifying high-resolution images where intricate details and spatial dependencies are crucial. While convolutional networks are powerful, they primarily focus on local patterns and may struggle with the intricate details of high-resolution images.",B
A,"Let's reason step by step. The softmax function is a popular activation function in machine learning, particularly for multiclass classification tasks. While it is true that the softmax function is used in multiclass logistic regression, the temperature parameter does not directly affect its entropy. Entropy is a property of a distribution and is influenced by factors like the number of classes and the relative probabilities of each class.",C,"Let's reason step by step. The softmax function is commonly used in multiclass logistic regression, and the temperature parameter in a softmax distribution does not affect its entropy, as it only changes the relative probabilities of the classes. So, neither statement is true.",B
C,"Let's reason step by step. The null space of a matrix A is the set of all vectors x such that Ax = 0. For the given matrix A, we can see that the determinant is -1*3! + 2*(-6) + 4*12 = 0. Thus, the dimension of the null space is 1.",B,"Let's reason step by step. Since the matrix has 3 rows and 3 columns, its null space should have a dimensionality of 1, representing the single dimension along which the rows are linearly dependent. This is because there is only one linear combination that makes the entire row equal to zero, which is [0, 0, 0].",B
A,"Let's reason step by step. Yann LeCun is a renowned computer scientist and a pioneer in the field of artificial neural networks. He has made significant contributions to deep learning, including the development of important algorithms and frameworks. The 'cherry on top' refers to the final result or the most important part of something, so it represents his overall contribution to the field of machine learning.",A,"Let's reason step by step. In Yann LeCun's cake analogy, self-supervised learning represents the cherry on top, as it allows models to learn representations from unlabeled data, which is a crucial step towards achieving artificial general intelligence. Self-supervised learning is a key component that enables machines to learn like humans, where we often learn from our experiences and observations without explicit instructions.",B
B,"Let's reason step by step. Naive Bayes models assume that all attributes contribute equally to the prediction, which is not always the case in reality. While attributes can be independent or dependent, the assumption of equal contribution is a fundamental principle of the algorithm.",A,"Let's reason step by step. Naive Bayes is a versatile algorithm that can handle attributes of different types, including nominal and numeric data, making it applicable to a wide range of classification problems. The incorrect statement is option A, as attributes are not necessarily equally important in the context of Naive Bayes. Some attributes may carry more weight or have a stronger influence on the prediction than others.",A
A,"Let's reason step by step. Statement 1 is true because any set of points in the 2D plane can be approximated by a rectangle with arbitrary precision, which is a fundamental property of rectangles. Statement 2 is false because the VC-dimension of k-Nearest Neighbour is always finite for any value of k, including k = 1.",C,"Let's reason step by step. We know that the k-Nearest Neighbour classifier with k=1 is infinitely flexible, since it can fit any data in the infinite-dimensional space. On the other hand, the set of rectangles in the 2D plane cannot shatter 5 points, as this would require them to be able to approximate a circle, which they cannot do in 2 dimensions. So, the statement about rectangles is false.",C
D,"Let's reason step by step. The first statement is true because if a set of k instances cannot be shattered by a hypothesis H, it means that H has a VC-dimension less than k, which is the definition of having a lower VC-dimension. The second statement is true because the VC-dimension is monotonic non-decreasing when considering subsets of the original hypothesis class. Thus, if H1 is a subset of H2, its VC-dimension will be at most that of H2.",C,"Let's reason step by step. Since H1 is included in H2, then the VC-dimension of H2 must be at least as big as the VC-dimension of H1 plus its own VC-dimension. This means that VC(H2) >= VC(H1) + 1.",C
B,"Let's reason step by step. The first statement is true because the probability distribution function of a continuous random variable takes on values between 0 and 1, inclusive. The second statement is false because decision trees are built using a different approach, often based on splitting criteria like entropy or Gini impurity, which doesn't involve minimizing information gain.",C,"Let's reason step by step. Since the probability distribution function must sum to one over all possible values of x, then it must be between 0 and 1 for all x. Additionally, information gain is a measure of how much a decision tree improves the quality of a split, so minimizing it would result in an invalid or inefficient tree.",C
C,"Let's reason step by step. RoBERTa was pretrained on a larger corpus than BERT, and it is known to use the tanh activation function in its architecture. So, both statements are true.",C,"Let's reason step by step. Tanh activation function was the most popular choice for deep neural networks at that time, since it helps with the vanishing gradient problem. RoBERTa is a state-of-the-art model that outperforms BERT on many tasks, which might be due to its larger pretraining corpus size.",C
A,"Let's reason step by step. In a Bayes net, the direction of arrows indicates the conditional dependencies between variables. X is dependent on Y, and Y is dependent on Z. The correct equation represents the chain rule in probability theory, which states that the joint probability can be broken down into the product of conditional probabilities given the parent nodes. Option A is thus the correct answer.",A,"Let's reason step by step. Since X points to Y and Y points to Z, then X must depend on Y and Z must depend on X. This means that the joint probability distribution is the product of marginal probabilities: P(X, Y, Z) = P(X) * P(Y) * P(Z).",D
B,"Let's reason step by step. A fully connected neural network has connections between every neuron, and the weight vector represents these connections. Initializing weights to zero ensures that there is no bias or advantage to certain inputs during training, allowing the network to learn from scratch. This is a common practice in deep learning.",C,"Let's reason step by step. Initializing the weights to zero would be problematic because it would cause the model to overfit the training data. Overfitting occurs when a model learns the training data too well and performs poorly on new, unseen data. Option A is thus the correct answer.",A
B,"Let's reason step by step. Kernel density estimation is a non-parametric method that estimates the probability density function of a dataset using a kernel function, and it does not rely on any specific value for 'n'. On the other hand, a decision tree's depth can exceed the number of training examples as it learns and makes predictions based on its structure and rules. So, the statements are both true in their respective contexts.",C,"Let's reason step by step. Kernel density estimation is just a special case of kernel regression where the value of each point is set to 1/n. This is true regardless of the kernel function used. As for statement two, it is possible to have a decision tree with more nodes than training examples, as some nodes can be pruned during the learning process.",C
D,"Let's reason step by step. Boosting is an ensemble learning technique that combines multiple weak learners to create a strong predictive model. The decision boundary of the combined model (f) may have different parameters but retains the functional form of the base learner (h). Cross-validation is used to optimize hyperparameters, including the number of iterations in boosting, to improve model performance and reduce overfitting.",C,"Let's reason step by step. Boosting combines several weak learners into a strong learner by simply adjusting their parameters to focus on different parts of the data. Since the functional form of f is the same as h, it means that f will have the same decision boundary as h but with adjusted parameters. Cross-validation is used to select the number of iterations in boosting, helping to strike a balance between underfitting and overfitting by evaluating the model's performance on unseen data.",C
B,"Let's reason step by step. While it is true that logistic regression can have multiple local optima, this does not imply that it is always suboptimal. Naive Bayes classifiers are known to perform well in many cases, but their performance is data-dependent and may not always surpass other classifiers. Thus, the statements are both 'False'.",D,"Let's reason step by step. Since the naive Bayes classifier is based on Bayes' theorem, then it must be the optimal classifier when the distribution of the data is known. On the other hand, logistic regression aims to find the best-fitting model for binary classification problems and may have multiple local optima, which are suboptimal solutions. Therefore, statement 1 is false.",D
A,"Let's reason step by step. The number of parameters in a fully connected layer with 'N' inputs and 'M' activations is N*M. For the first hidden layer, it's 100*1000 = 100000. For the second hidden layer, it's 10*10 = 100. The output layer has 1 activation. So, the total number of parameters is 100000 + 100 + 1 = 100011.",C,"Let's reason step by step. The first layer has 100*1000 weights and the second layer has 1000*10 weights, so the total number of parameters is 110000. However, since there are no learnable parameters in the activation function, we only need to count the weights, resulting in a final answer of 110000.",B
C,"Let's reason step by step. The given matrix A has three columns with all entries equal to 1, so the column space is also one-dimensional. Since the rank of a matrix is the dimensionality of its row space, which is less than or equal to the dimensionality of its column space, we can conclude that the null space has a dimension of at least 2. Therefore, the correct answer is B.",B,"Let's reason step by step. Since all rows of the matrix are identical, then the rank of the matrix is 1, which means that the null space has dimension 0. So, there are no linear combinations of the rows that result in zero for all entries.",A
D,"Let's reason step by step. Semantic segmentation models assign labels to individual pixels, while image classifiers predict the class of the entire image. A true positive is typically defined as an overlap (IoU) above a certain threshold with ground truth bounding boxes, so option B is false as 96% IoU would be considered very close to true positive.",B,"Let's reason step by step. Semantic segmentation models predict the class of the entire image, while multiclass image classifiers predict the class of each pixel. A bounding box with an IoU of 96% is considered a true positive, indicating a correct prediction. A false positive is when a predicted bounding box does not correspond to any object in the scene. And finally, a false negative is when a true object is missed by the model, resulting in an IoU of only 3%.",A
A,"Let's reason step by step. While increasing the number of hidden states in an HMM can improve its flexibility and potential to model complex data, it also increases the risk of overfitting if the true number of states is limited. This could lead to a higher training data likelihood, but it may not generalize well to new, unseen data.",B,"Let's reason step by step. Increasing the number of hidden states in an HMM will always lead to overfitting, since it allows the model to memorize the training data. This is not a desirable property for most applications. Therefore, we can conclude that statement A is false.",A
B,"Let's reason step by step. The first statement is false because the VC dimension of an SVM with a radial base kernel can be finite; it depends on the kernel width and the dimensionality of the data. The second statement is true as both neural networks and boosting algorithms, regardless of their complexity, aim to find optimal linear separators to maximize their performance.",C,"Let's reason step by step. Both SVM with polynomial kernel and a two-layer neural network with linear activation functions are essentially weighted combinations of linear separators, so they should give the same result. On the other hand, the VC dimension is a measure of the complexity of the decision boundary that can be approximated by a particular model, and since the VC dimension for an SVM with a radial base kernel is infinite, it suggests that such an SVM may not be as powerful in representing complex decision boundaries as one with a polynomial kernel which has a finite VC dimension. Therefore, the first statement is true while the second is false.",C
C,"Let's reason step by step. CIFAR-10 is a well-known dataset for training and testing convolutional neural networks (CNNs). CNNs have achieved over 95% accuracy on this dataset, indicating their effectiveness in image classification tasks. As for the second statement, ensembles of neural networks learn diverse representations through collaboration, which can lead to improved accuracy compared to individual models.",C,"Let's reason step by step. Ensembles of neural networks always improve classification accuracy because they combine the predictions of multiple models. While it is true that ensembles may suffer from correlated representations, this can be mitigated with proper regularization techniques like dropout or weight decay.",C
A,"Let's reason step by step. Clustering is an unsupervised machine learning technique used to group similar data points together. Expectation Maximization (EM) and Apriori are both algorithms, but they are not specifically related to clustering. CART is a decision tree algorithm, and Gaussian Naive Bayes is a probabilistic classification model. Thus, only the expectation maximization algorithm is incorrect.",A,"Let's reason step by step. CART is a clustering algorithm that builds a decision tree by recursively partitioning the data based on the values of the features. It is commonly used for both categorical and continuous data, making it versatile for various datasets.",B
B,"Let's reason step by step. Back-propagation is a training algorithm for feedforward neural networks that calculates the gradient of the error function to update weights and improve network performance. It does not guarantee finding the globally optimal solution, as it depends on initial conditions and local minima/maxima during optimization. On the other hand, the VC dimension is a theoretical concept measuring the complexity of a set of data points for learning purposes. A line has a VC dimension of 1, as any two distinct points can be separated by a line, but three or more points may not be separable by a linear boundary. Thus, statement 2 is false.",D,"Let's reason step by step. Since we can find at least one case of 3 points that cannot be shattered by any line, then the VC dimension of a line should be at most 2. Back-propagation is an optimization algorithm used to update the weights in a neural network, and it does not necessarily learn a globally optimal solution.",C
A,"Let's reason step by step. All except Naive Bayes are forms of supervised learning algorithms. While Naive Bayes is an unsupervised learning algorithm, the other three are supervised learning techniques.",D,"Let's reason step by step. Naive Bayesian is an unsupervised learning algorithm that groups data points based on their similarity. The other three techniques are supervised learning algorithms, where the model learns from labeled examples to make predictions.",D
D,"Let's reason step by step. The number of independent parameters in a Bayesian network is equal to the number of nodes minus the number of edges plus two. In this case, we have four nodes and five edges (H -> U, U -> P, P -> W, and H -> P). This results in a total of 4 - 5 + 2 = 3 independent parameters.",A,"Let's reason step by step. Since there are 4 nodes in the graph, then we would need 4 independent parameters to describe the joint probability distribution. The conditional independence relationships do not change this count as each relationship introduces a new variable into the mix.",B
B,"Let's reason step by step. Support vector machines (SVM) are versatile models that can handle complex data distributions with the right choice of kernel functions. While SVMs provide probability estimates, moving from a linear to a polynomial kernel doesn't change the support vectors, only the shape of the decision boundary.",C,"Let's reason step by step. Support vector machines always give a probability distribution over the possible labels, just like logistic regression models. However, support vectors are data points that define the decision boundary in a non-linear way, which is not the case with linear kernels. Higher-order polynomial kernels create more complex decision boundaries, but the support vectors remain constant only within the same kernel type.",C
C,"Let's reason step by step. A training error of 0 for a 1-nearest neighbor classifier is impossible as it would mean perfect accuracy, which is never achieved in practice. While the MAP estimate approaches the MLE estimate as the number of data points grows, the choice of prior still matters and influences the final estimate.",C,"Let's reason step by step. 1-nearest neighbor classifier will always correctly classify all training points, leading to a training error of 0. As the number of data points grows, the MAP estimate approaches the MLE estimate regardless of the prior distribution chosen.",C
A,"Let's reason step by step. This behavior is a classic sign of overfitting, where the model memorizes the training data and fails to generalize to new, unseen data. Overfitting occurs when the model becomes too complex and captures noise in the training data, leading to poor performance on new examples.",A,"Let's reason step by step. The increasing training error and decreasing test error indicate that the model is unable to capture the underlying patterns in the data, suggesting high bias. This behavior is typical when the model is overfitting the training data, which leads to poor generalization performance on new, unseen data.",B
B,"Let's reason step by step. Decision trees are not suitable for spatial data as they do not consider distance or location. Density-based clustering, such as DBSCAN, can find clusters of varying shapes and sizes without the need to specify the number of clusters beforehand. Model-based clustering, like Gaussian Mixture Models, also allows for flexible cluster shapes but requires specifying the number of clusters. K-means is a centroid-based method that assumes spherical clusters and may not perform well on non-spherical data.",B,Let's reason step by step. K-means clustering is a versatile method that can handle clusters of various shapes and sizes by adjusting the number of clusters and their initial positions. It is well-suited for spatial data as it does not require the number of clusters to be predefined.,D
B,"Let's reason step by step. Gaussian Bayes classifiers rely on the assumption of a Gaussian distribution for the data, and the choice between full or diagonal covariance matrices affects the flexibility of the model in capturing complex patterns. Full covariances allow for more flexibility but can lead to overfitting if the data doesn't justify it. Diagonal covariances restrict flexibility but may result in underfitting if the data exhibits complex relationships.",B,"Let's reason step by step. If we force all classes to share the same mean vector, the model's complexity is greatly reduced, leading to a higher risk of underfitting. This assumption most directly affects the trade-off between underfitting and overfitting.",D
C,"Let's reason step by step. The variance of the Maximum A Posteriori (MAP) estimate is typically lower than that of the Maximum Likelihood Estimate (MLE) because MAP takes into account prior knowledge or beliefs, which can help reduce variance and improve estimation accuracy.",C,"Let's reason step by step. The MAP estimate incorporates prior information, which adds an additional source of variability, leading to a higher variance compared to the MLE. Thus, the correct answer is A.",A
B,"Let's reason step by step. $\\ell_2$ regularization penalizes large weights, which encourages the model to have smaller weights and simpler models. This reduces overfitting by preventing the model from becoming too complex. As a result, the bias decreases as the model becomes less complex, and variance also decreases as the model simplifies.",C,"Let's reason step by step. Increasing the L2 regularization coefficient penalizes complex models, leading to a decrease in both bias and variance, thus improving generalization. Therefore, the correct answer is option C.",C
A,"Let's reason step by step. The first statement is true because there are deep learning models that have achieved higher than 98% accuracy on the CIFAR-10 dataset, such as the ResNet model with data augmentation and other advanced techniques. The second statement is false because ResNets can be optimized with the Adam optimizer, which is a popular choice for training convolutional neural networks.",C,"Let's reason step by step. Adam optimizer is a widely used optimization algorithm, and it's likely that the original ResNets were also optimized using Adam, given its effectiveness. The first statement is false as there are no public records of any model achieving 98% accuracy on CIFAR-10 in 2020.",D
D,"Let's reason step by step. Grid search is a method that explores all possible combinations of input values within a specified range, making it suitable for non-differentiable and non-continuous functions. However, its main drawback is its computational complexity, which can be very high for large parameter spaces, especially when dealing with complex models like multiple linear regression.",D,"Let's reason step by step. Grid search relies on calculating gradients to find the optimal parameters, so it cannot be applied to non-differentiable functions. This is a fundamental limitation of the algorithm.",A
